Temp,SOC (T=278.15K),OCV (T=278.15K),SOC (T=288.15K),OCV (T=288.15K),SOC (T=298.15K),OCV (T=298.15K),SOC (T=308.15K),OCV (T=308.15K)
278.15,0,3.2446,0,3.2346,0,3.2285,0,3.2257
288.15,0.1,3.2647,0.1,3.2503,0.1,3.2415,0.1,3.2382
298.15,0.2,3.2733,0.2,3.2585,0.2,3.2495,0.2,3.2454
308.15,0.3,3.2810,0.3,3.2658,0.3,3.2565,0.3,3.2528
,0.4,3.2874,0.4,3.2723,0.4,3.2637,0.4,3.2595
,0.5,3.2939,0.5,3.2793,0.5,3.2695,0.5,3.2664
,0.6,3.3008,0.6,3.2863,0.6,3.2768,0.6,3.2724
,0.7,3.3073,0.7,3.2932,0.7,3.2829,0.7,3.2783
,0.8,3.3137,0.8,3.2990,0.8,3.2895,0.8,3.2841
,0.9,3.3197,0.9,3.3042,0.9,3.2956,0.9,3.2904
,1,3.3252,1,3.3102,1,3.3013,1,3.2964
,1.1,3.3303,1.1,3.3156,1.1,3.3071,1.1,3.3022
,1.2,3.3359,1.2,3.3214,1.2,3.3130,1.2,3.3077
,1.3,3.3414,1.3,3.3267,1.3,3.3187,1.3,3.3135
,1.4,3.3461,1.4,3.3325,1.4,3.3238,1.4,3.3193
,1.5,3.3518,1.5,3.3377,1.5,3.3294,1.5,3.3241
,1.6,3.3568,1.6,3.3427,1.6,3.3343,1.6,3.3293
,1.7,3.3615,1.7,3.3481,1.7,3.3395,1.7,3.3345
,1.8,3.3665,1.8,3.3535,1.8,3.3442,1.8,3.3391
,1.9,3.3713,1.9,3.3589,1.9,3.3497,1.9,3.3439
,2,3.3754,2,3.3632,2,3.3546,2,3.3484
,2.1,3.3802,2.1,3.3681,2.1,3.3591,2.1,3.3527
,2.2,3.3849,2.2,3.3726,2.2,3.3632,2.2,3.3575
,2.3,3.3893,2.3,3.3769,2.3,3.3677,2.3,3.3622
,2.4,3.3937,2.4,3.3811,2.4,3.3722,2.4,3.3667
,2.5,3.3977,2.5,3.3856,2.5,3.3765,2.5,3.3709
,2.6,3.4013,2.6,3.3901,2.6,3.3805,2.6,3.3756
,2.7,3.4043,2.7,3.3942,2.7,3.3850,2.7,3.3801
,2.8,3.4078,2.8,3.3986,2.8,3.3897,2.8,3.3847
,2.9,3.4106,2.9,3.4027,2.9,3.3942,2.9,3.3889
,3,3.4135,3,3.4064,3,3.3984,3,3.3933
,3.1,3.4160,3.1,3.4100,3.1,3.4023,3.1,3.3972
,3.2,3.4180,3.2,3.4132,3.2,3.4063,3.2,3.4009
,3.3,3.4203,3.3,3.4163,3.3,3.4099,3.3,3.4047
,3.4,3.4221,3.4,3.4191,3.4,3.4134,3.4,3.4080
,3.5,3.4238,3.5,3.4214,3.5,3.4167,3.5,3.4117
,3.6,3.4256,3.6,3.4236,3.6,3.4195,3.6,3.4148
,3.7,3.4272,3.7,3.4256,3.7,3.4222,3.7,3.4179
,3.8,3.4287,3.8,3.4275,3.8,3.4245,3.8,3.4206
,3.9,3.4301,3.9,3.4292,3.9,3.4266,3.9,3.4234
,4,3.4314,4,3.4308,4,3.4286,4,3.4256
,4.1,3.4329,4.1,3.4323,4.1,3.4304,4.1,3.4277
,4.2,3.4342,4.2,3.4336,4.2,3.4321,4.2,3.4296
,4.3,3.4353,4.3,3.4349,4.3,3.4335,4.3,3.4314
,4.4,3.4366,4.4,3.4362,4.4,3.4349,4.4,3.4329
,4.5,3.4377,4.5,3.4373,4.5,3.4361,4.5,3.4344
,4.6,3.4389,4.6,3.4384,4.6,3.4373,4.6,3.4358
,4.7,3.4398,4.7,3.4395,4.7,3.4383,4.7,3.4369
,4.8,3.4409,4.8,3.4404,4.8,3.4395,4.8,3.4381
,4.9,3.4418,4.9,3.4414,4.9,3.4405,4.9,3.4391
,5,3.4429,5,3.4422,5,3.4414,5,3.4402
,5.1,3.4440,5.1,3.4433,5.1,3.4424,5.1,3.4413
,5.2,3.4449,5.2,3.4441,5.2,3.4433,5.2,3.4420
,5.3,3.4458,5.3,3.4449,5.3,3.4442,5.3,3.4429
,5.4,3.4466,5.4,3.4458,5.4,3.4450,5.4,3.4440
,5.5,3.4475,5.5,3.4466,5.5,3.4456,5.5,3.4447
,5.6,3.4483,5.6,3.4473,5.6,3.4464,5.6,3.4454
,5.7,3.4492,5.7,3.4482,5.7,3.4472,5.7,3.4463
,5.8,3.4499,5.8,3.4489,5.8,3.4480,5.8,3.4469
,5.9,3.4508,5.9,3.4496,5.9,3.4486,5.9,3.4477
,6,3.4517,6,3.4504,6,3.4493,6,3.4483
,6.1,3.4525,6.1,3.4510,6.1,3.4500,6.1,3.4491
,6.2,3.4532,6.2,3.4518,6.2,3.4507,6.2,3.4498
,6.3,3.4541,6.3,3.4525,6.3,3.4512,6.3,3.4505
,6.4,3.4546,6.4,3.4530,6.4,3.4519,6.4,3.4511
,6.5,3.4555,6.5,3.4537,6.5,3.4527,6.5,3.4518
,6.6,3.4562,6.6,3.4543,6.6,3.4532,6.6,3.4524
,6.7,3.4570,6.7,3.4550,6.7,3.4539,6.7,3.4530
,6.8,3.4577,6.8,3.4557,6.8,3.4545,6.8,3.4536
,6.9,3.4583,6.9,3.4563,6.9,3.4552,6.9,3.4543
,7,3.4591,7,3.4570,7,3.4557,7,3.4549
,7.1,3.4598,7.1,3.4575,7.1,3.4564,7.1,3.4554
,7.2,3.4605,7.2,3.4581,7.2,3.4570,7.2,3.4561
,7.3,3.4611,7.3,3.4588,7.3,3.4576,7.3,3.4567
,7.4,3.4618,7.4,3.4594,7.4,3.4582,7.4,3.4572
,7.5,3.4626,7.5,3.4601,7.5,3.4587,7.5,3.4578
,7.6,3.4632,7.6,3.4608,7.6,3.4593,7.6,3.4584
,7.7,3.4638,7.7,3.4612,7.7,3.4599,7.7,3.4590
,7.8,3.4645,7.8,3.4619,7.8,3.4605,7.8,3.4596
,7.9,3.4652,7.9,3.4626,7.9,3.4612,7.9,3.4601
,8,3.4658,8,3.4631,8,3.4617,8,3.4608
,8.1,3.4664,8.1,3.4638,8.1,3.4622,8.1,3.4614
,8.2,3.4672,8.2,3.4642,8.2,3.4628,8.2,3.4620
,8.3,3.4678,8.3,3.4649,8.3,3.4634,8.3,3.4625
,8.4,3.4685,8.4,3.4655,8.4,3.4640,8.4,3.4631
,8.5,3.4692,8.5,3.4661,8.5,3.4646,8.5,3.4636
,8.6,3.4698,8.6,3.4668,8.6,3.4652,8.6,3.4641
,8.7,3.4705,8.7,3.4674,8.7,3.4658,8.7,3.4648
,8.8,3.4711,8.8,3.4680,8.8,3.4663,8.8,3.4654
,8.9,3.4717,8.9,3.4686,8.9,3.4669,8.9,3.4660
,9,3.4725,9,3.4692,9,3.4675,9,3.4665
,9.1,3.4732,9.1,3.4698,9.1,3.4682,9.1,3.4672
,9.2,3.4739,9.2,3.4704,9.2,3.4687,9.2,3.4678
,9.3,3.4746,9.3,3.4711,9.3,3.4693,9.3,3.4684
,9.4,3.4753,9.4,3.4716,9.4,3.4700,9.4,3.4689
,9.5,3.4759,9.5,3.4723,9.5,3.4706,9.5,3.4695
,9.6,3.4765,9.6,3.4729,9.6,3.4711,9.6,3.4700
,9.7,3.4773,9.7,3.4736,9.7,3.4718,9.7,3.4707
,9.8,3.4780,9.8,3.4741,9.8,3.4724,9.8,3.4714
,9.9,3.4787,9.9,3.4749,9.9,3.4730,9.9,3.4718
,10,3.4793,10,3.4754,10,3.4736,10,3.4726
,10.1,3.4800,10.1,3.4761,10.1,3.4743,10.1,3.4732
,10.2,3.4809,10.2,3.4768,10.2,3.4749,10.2,3.4738
,10.3,3.4815,10.3,3.4775,10.3,3.4756,10.3,3.4745
,10.4,3.4823,10.4,3.4782,10.4,3.4762,10.4,3.4751
,10.5,3.4829,10.5,3.4788,10.5,3.4768,10.5,3.4757
,10.6,3.4837,10.6,3.4795,10.6,3.4776,10.6,3.4763
,10.7,3.4843,10.7,3.4802,10.7,3.4783,10.7,3.4770
,10.8,3.4851,10.8,3.4809,10.8,3.4789,10.8,3.4777
,10.9,3.4859,10.9,3.4816,10.9,3.4797,10.9,3.4783
,11,3.4867,11,3.4824,11,3.4803,11,3.4790
,11.1,3.4873,11.1,3.4830,11.1,3.4809,11.1,3.4797
,11.2,3.4881,11.2,3.4838,11.2,3.4817,11.2,3.4804
,11.3,3.4890,11.3,3.4845,11.3,3.4823,11.3,3.4811
,11.4,3.4897,11.4,3.4852,11.4,3.4832,11.4,3.4818
,11.5,3.4906,11.5,3.4860,11.5,3.4840,11.5,3.4826
,11.6,3.4914,11.6,3.4869,11.6,3.4847,11.6,3.4832
,11.7,3.4923,11.7,3.4876,11.7,3.4854,11.7,3.4840
,11.8,3.4930,11.8,3.4884,11.8,3.4863,11.8,3.4847
,11.9,3.4939,11.9,3.4892,11.9,3.4871,11.9,3.4856
,12,3.4947,12,3.4901,12,3.4878,12,3.4864
,12.1,3.4955,12.1,3.4910,12.1,3.4888,12.1,3.4871
,12.2,3.4965,12.2,3.4919,12.2,3.4896,12.2,3.4880
,12.3,3.4974,12.3,3.4927,12.3,3.4905,12.3,3.4889
,12.4,3.4982,12.4,3.4936,12.4,3.4913,12.4,3.4898
,12.5,3.4992,12.5,3.4945,12.5,3.4923,12.5,3.4908
,12.6,3.5003,12.6,3.4956,12.6,3.4933,12.6,3.4918
,12.7,3.5011,12.7,3.4966,12.7,3.4942,12.7,3.4928
,12.8,3.5021,12.8,3.4977,12.8,3.4954,12.8,3.4936
,12.9,3.5033,12.9,3.4987,12.9,3.4965,12.9,3.4947
,13,3.5043,13,3.4998,13,3.4975,13,3.4958
,13.1,3.5054,13.1,3.5010,13.1,3.4986,13.1,3.4969
,13.2,3.5064,13.2,3.5021,13.2,3.4998,13.2,3.4980
,13.3,3.5074,13.3,3.5032,13.3,3.5011,13.3,3.4992
,13.4,3.5085,13.4,3.5043,13.4,3.5021,13.4,3.5004
,13.5,3.5095,13.5,3.5055,13.5,3.5034,13.5,3.5016
,13.6,3.5105,13.6,3.5066,13.6,3.5045,13.6,3.5028
,13.7,3.5115,13.7,3.5077,13.7,3.5056,13.7,3.5038
,13.8,3.5127,13.8,3.5089,13.8,3.5067,13.8,3.5050
,13.9,3.5137,13.9,3.5101,13.9,3.5080,13.9,3.5060
,14,3.5147,14,3.5111,14,3.5090,14,3.5072
,14.1,3.5157,14.1,3.5122,14.1,3.5101,14.1,3.5084
,14.2,3.5167,14.2,3.5134,14.2,3.5112,14.2,3.5094
,14.3,3.5177,14.3,3.5143,14.3,3.5122,14.3,3.5106
,14.4,3.5186,14.4,3.5153,14.4,3.5133,14.4,3.5117
,14.5,3.5197,14.5,3.5164,14.5,3.5144,14.5,3.5126
,14.6,3.5207,14.6,3.5175,14.6,3.5154,14.6,3.5137
,14.7,3.5216,14.7,3.5184,14.7,3.5165,14.7,3.5148
,14.8,3.5225,14.8,3.5196,14.8,3.5176,14.8,3.5157
,14.9,3.5236,14.9,3.5206,14.9,3.5185,14.9,3.5167
,15,3.5244,15,3.5215,15,3.5197,15,3.5178
,15.1,3.5254,15.1,3.5225,15.1,3.5205,15.1,3.5189
,15.2,3.5263,15.2,3.5235,15.2,3.5216,15.2,3.5199
,15.3,3.5272,15.3,3.5245,15.3,3.5226,15.3,3.5208
,15.4,3.5281,15.4,3.5255,15.4,3.5236,15.4,3.5219
,15.5,3.5292,15.5,3.5266,15.5,3.5246,15.5,3.5228
,15.6,3.5302,15.6,3.5276,15.6,3.5257,15.6,3.5239
,15.7,3.5311,15.7,3.5286,15.7,3.5267,15.7,3.5250
,15.8,3.5320,15.8,3.5296,15.8,3.5278,15.8,3.5261
,15.9,3.5331,15.9,3.5307,15.9,3.5288,15.9,3.5271
,16,3.5340,16,3.5318,16,3.5300,16,3.5282
,16.1,3.5349,16.1,3.5328,16.1,3.5310,16.1,3.5295
,16.2,3.5359,16.2,3.5340,16.2,3.5321,16.2,3.5305
,16.3,3.5369,16.3,3.5350,16.3,3.5333,16.3,3.5315
,16.4,3.5379,16.4,3.5359,16.4,3.5344,16.4,3.5327
,16.5,3.5388,16.5,3.5372,16.5,3.5354,16.5,3.5337
,16.6,3.5396,16.6,3.5382,16.6,3.5365,16.6,3.5349
,16.7,3.5407,16.7,3.5392,16.7,3.5376,16.7,3.5360
,16.8,3.5415,16.8,3.5403,16.8,3.5388,16.8,3.5370
,16.9,3.5424,16.9,3.5412,16.9,3.5397,16.9,3.5380
,17,3.5434,17,3.5423,17,3.5407,17,3.5390
,17.1,3.5442,17.1,3.5432,17.1,3.5418,17.1,3.5400
,17.2,3.5450,17.2,3.5442,17.2,3.5427,17.2,3.5409
,17.3,3.5458,17.3,3.5451,17.3,3.5436,17.3,3.5418
,17.4,3.5467,17.4,3.5460,17.4,3.5445,17.4,3.5427
,17.5,3.5475,17.5,3.5468,17.5,3.5454,17.5,3.5436
,17.6,3.5484,17.6,3.5476,17.6,3.5463,17.6,3.5445
,17.7,3.5491,17.7,3.5486,17.7,3.5471,17.7,3.5452
,17.8,3.5501,17.8,3.5493,17.8,3.5479,17.8,3.5461
,17.9,3.5508,17.9,3.5502,17.9,3.5488,17.9,3.5470
,18,3.5515,18,3.5510,18,3.5497,18,3.5477
,18.1,3.5523,18.1,3.5518,18.1,3.5504,18.1,3.5485
,18.2,3.5531,18.2,3.5527,18.2,3.5512,18.2,3.5493
,18.3,3.5539,18.3,3.5534,18.3,3.5520,18.3,3.5502
,18.4,3.5547,18.4,3.5543,18.4,3.5528,18.4,3.5510
,18.5,3.5554,18.5,3.5550,18.5,3.5536,18.5,3.5518
,18.6,3.5562,18.6,3.5557,18.6,3.5543,18.6,3.5526
,18.7,3.5570,18.7,3.5564,18.7,3.5550,18.7,3.5533
,18.8,3.5579,18.8,3.5573,18.8,3.5559,18.8,3.5541
,18.9,3.5587,18.9,3.5581,18.9,3.5567,18.9,3.5548
,19,3.5594,19,3.5589,19,3.5575,19,3.5556
,19.1,3.5602,19.1,3.5597,19.1,3.5583,19.1,3.5564
,19.2,3.5610,19.2,3.5605,19.2,3.5591,19.2,3.5573
,19.3,3.5618,19.3,3.5613,19.3,3.5599,19.3,3.5581
,19.4,3.5625,19.4,3.5622,19.4,3.5607,19.4,3.5588
,19.5,3.5633,19.5,3.5629,19.5,3.5614,19.5,3.5596
,19.6,3.5642,19.6,3.5637,19.6,3.5624,19.6,3.5605
,19.7,3.5649,19.7,3.5646,19.7,3.5632,19.7,3.5614
,19.8,3.5657,19.8,3.5654,19.8,3.5640,19.8,3.5623
,19.9,3.5665,19.9,3.5661,19.9,3.5648,19.9,3.5631
,20,3.5674,20,3.5671,20,3.5656,20,3.5638
,20.1,3.5681,20.1,3.5677,20.1,3.5665,20.1,3.5647
,20.2,3.5689,20.2,3.5686,20.2,3.5674,20.2,3.5654
,20.3,3.5697,20.3,3.5694,20.3,3.5682,20.3,3.5663
,20.4,3.5705,20.4,3.5704,20.4,3.5690,20.4,3.5672
,20.5,3.5713,20.5,3.5711,20.5,3.5698,20.5,3.5680
,20.6,3.5720,20.6,3.5718,20.6,3.5706,20.6,3.5686
,20.7,3.5727,20.7,3.5727,20.7,3.5714,20.7,3.5694
,20.8,3.5735,20.8,3.5735,20.8,3.5722,20.8,3.5703
,20.9,3.5742,20.9,3.5743,20.9,3.5730,20.9,3.5709
,21,3.5749,21,3.5749,21,3.5737,21,3.5716
,21.1,3.5755,21.1,3.5757,21.1,3.5744,21.1,3.5722
,21.2,3.5760,21.2,3.5764,21.2,3.5751,21.2,3.5729
,21.3,3.5768,21.3,3.5771,21.3,3.5758,21.3,3.5736
,21.4,3.5774,21.4,3.5778,21.4,3.5764,21.4,3.5742
,21.5,3.5779,21.5,3.5784,21.5,3.5770,21.5,3.5748
,21.6,3.5786,21.6,3.5790,21.6,3.5776,21.6,3.5754
,21.7,3.5790,21.7,3.5796,21.7,3.5783,21.7,3.5758
,21.8,3.5796,21.8,3.5802,21.8,3.5788,21.8,3.5765
,21.9,3.5802,21.9,3.5808,21.9,3.5794,21.9,3.5770
,22,3.5806,22,3.5813,22,3.5801,22,3.5776
,22.1,3.5811,22.1,3.5818,22.1,3.5806,22.1,3.5782
,22.2,3.5816,22.2,3.5825,22.2,3.5812,22.2,3.5789
,22.3,3.5821,22.3,3.5830,22.3,3.5818,22.3,3.5793
,22.4,3.5825,22.4,3.5836,22.4,3.5824,22.4,3.5800
,22.5,3.5830,22.5,3.5841,22.5,3.5829,22.5,3.5806
,22.6,3.5834,22.6,3.5846,22.6,3.5834,22.6,3.5810
,22.7,3.5838,22.7,3.5851,22.7,3.5839,22.7,3.5815
,22.8,3.5844,22.8,3.5856,22.8,3.5845,22.8,3.5820
,22.9,3.5849,22.9,3.5862,22.9,3.5849,22.9,3.5827
,23,3.5853,23,3.5867,23,3.5855,23,3.5832
,23.1,3.5857,23.1,3.5872,23.1,3.5860,23.1,3.5838
,23.2,3.5861,23.2,3.5876,23.2,3.5867,23.2,3.5842
,23.3,3.5866,23.3,3.5882,23.3,3.5871,23.3,3.5848
,23.4,3.5870,23.4,3.5886,23.4,3.5878,23.4,3.5854
,23.5,3.5874,23.5,3.5891,23.5,3.5882,23.5,3.5859
,23.6,3.5878,23.6,3.5896,23.6,3.5887,23.6,3.5865
,23.7,3.5881,23.7,3.5901,23.7,3.5892,23.7,3.5869
,23.8,3.5886,23.8,3.5905,23.8,3.5897,23.8,3.5874
,23.9,3.5891,23.9,3.5909,23.9,3.5903,23.9,3.5879
,24,3.5895,24,3.5914,24,3.5908,24,3.5885
,24.1,3.5900,24.1,3.5918,24.1,3.5913,24.1,3.5890
,24.2,3.5903,24.2,3.5921,24.2,3.5917,24.2,3.5896
,24.3,3.5907,24.3,3.5927,24.3,3.5923,24.3,3.5901
,24.4,3.5910,24.4,3.5933,24.4,3.5927,24.4,3.5906
,24.5,3.5914,24.5,3.5936,24.5,3.5931,24.5,3.5911
,24.6,3.5919,24.6,3.5940,24.6,3.5937,24.6,3.5916
,24.7,3.5922,24.7,3.5944,24.7,3.5941,24.7,3.5922
,24.8,3.5926,24.8,3.5948,24.8,3.5946,24.8,3.5927
,24.9,3.5930,24.9,3.5953,24.9,3.5951,24.9,3.5931
,25,3.5934,25,3.5957,25,3.5955,25,3.5938
,25.1,3.5937,25.1,3.5961,25.1,3.5960,25.1,3.5940
,25.2,3.5943,25.2,3.5966,25.2,3.5964,25.2,3.5946
,25.3,3.5945,25.3,3.5969,25.3,3.5969,25.3,3.5951
,25.4,3.5949,25.4,3.5973,25.4,3.5974,25.4,3.5957
,25.5,3.5953,25.5,3.5976,25.5,3.5978,25.5,3.5962
,25.6,3.5957,25.6,3.5980,25.6,3.5981,25.6,3.5966
,25.7,3.5960,25.7,3.5984,25.7,3.5986,25.7,3.5971
,25.8,3.5963,25.8,3.5989,25.8,3.5990,25.8,3.5976
,25.9,3.5967,25.9,3.5992,25.9,3.5994,25.9,3.5980
,26,3.5971,26,3.5995,26,3.5999,26,3.5985
,26.1,3.5975,26.1,3.5998,26.1,3.6003,26.1,3.5990
,26.2,3.5979,26.2,3.6002,26.2,3.6007,26.2,3.5995
,26.3,3.5982,26.3,3.6006,26.3,3.6011,26.3,3.5999
,26.4,3.5986,26.4,3.6010,26.4,3.6016,26.4,3.6003
,26.5,3.5990,26.5,3.6013,26.5,3.6018,26.5,3.6008
,26.6,3.5994,26.6,3.6017,26.6,3.6022,26.6,3.6013
,26.7,3.5997,26.7,3.6021,26.7,3.6026,26.7,3.6017
,26.8,3.5999,26.8,3.6024,26.8,3.6031,26.8,3.6022
,26.9,3.6004,26.9,3.6028,26.9,3.6035,26.9,3.6026
,27,3.6006,27,3.6031,27,3.6039,27,3.6030
,27.1,3.6010,27.1,3.6034,27.1,3.6042,27.1,3.6034
,27.2,3.6014,27.2,3.6038,27.2,3.6047,27.2,3.6039
,27.3,3.6017,27.3,3.6040,27.3,3.6050,27.3,3.6044
,27.4,3.6020,27.4,3.6044,27.4,3.6053,27.4,3.6049
,27.5,3.6024,27.5,3.6046,27.5,3.6056,27.5,3.6053
,27.6,3.6027,27.6,3.6051,27.6,3.6060,27.6,3.6058
,27.7,3.6030,27.7,3.6054,27.7,3.6064,27.7,3.6063
,27.8,3.6035,27.8,3.6059,27.8,3.6068,27.8,3.6066
,27.9,3.6038,27.9,3.6061,27.9,3.6072,27.9,3.6070
,28,3.6040,28,3.6064,28,3.6076,28,3.6076
,28.1,3.6044,28.1,3.6067,28.1,3.6079,28.1,3.6081
,28.2,3.6047,28.2,3.6070,28.2,3.6081,28.2,3.6086
,28.3,3.6050,28.3,3.6073,28.3,3.6085,28.3,3.6089
,28.4,3.6054,28.4,3.6076,28.4,3.6089,28.4,3.6093
,28.5,3.6056,28.5,3.6080,28.5,3.6092,28.5,3.6098
,28.6,3.6060,28.6,3.6084,28.6,3.6097,28.6,3.6102
,28.7,3.6064,28.7,3.6087,28.7,3.6099,28.7,3.6107
,28.8,3.6067,28.8,3.6090,28.8,3.6102,28.8,3.6111
,28.9,3.6071,28.9,3.6092,28.9,3.6105,28.9,3.6116
,29,3.6073,29,3.6096,29,3.6109,29,3.6119
,29.1,3.6076,29.1,3.6100,29.1,3.6113,29.1,3.6124
,29.2,3.6079,29.2,3.6102,29.2,3.6117,29.2,3.6127
,29.3,3.6084,29.3,3.6105,29.3,3.6119,29.3,3.6130
,29.4,3.6086,29.4,3.6109,29.4,3.6123,29.4,3.6134
,29.5,3.6088,29.5,3.6110,29.5,3.6126,29.5,3.6138
,29.6,3.6091,29.6,3.6115,29.6,3.6130,29.6,3.6142
,29.7,3.6095,29.7,3.6117,29.7,3.6134,29.7,3.6145
,29.8,3.6098,29.8,3.6119,29.8,3.6136,29.8,3.6149
,29.9,3.6102,29.9,3.6123,29.9,3.6140,29.9,3.6152
,30,3.6105,30,3.6126,30,3.6143,30,3.6156
,30.1,3.6108,30.1,3.6130,30.1,3.6146,30.1,3.6160
,30.2,3.6110,30.2,3.6132,30.2,3.6150,30.2,3.6163
,30.3,3.6114,30.3,3.6136,30.3,3.6152,30.3,3.6166
,30.4,3.6118,30.4,3.6139,30.4,3.6157,30.4,3.6169
,30.5,3.6120,30.5,3.6141,30.5,3.6159,30.5,3.6173
,30.6,3.6122,30.6,3.6144,30.6,3.6162,30.6,3.6177
,30.7,3.6126,30.7,3.6147,30.7,3.6165,30.7,3.6179
,30.8,3.6129,30.8,3.6150,30.8,3.6168,30.8,3.6184
,30.9,3.6132,30.9,3.6152,30.9,3.6172,30.9,3.6186
,31,3.6136,31,3.6157,31,3.6175,31,3.6189
,31.1,3.6138,31.1,3.6159,31.1,3.6178,31.1,3.6194
,31.2,3.6141,31.2,3.6162,31.2,3.6181,31.2,3.6197
,31.3,3.6145,31.3,3.6165,31.3,3.6185,31.3,3.6200
,31.4,3.6147,31.4,3.6168,31.4,3.6187,31.4,3.6203
,31.5,3.6150,31.5,3.6170,31.5,3.6190,31.5,3.6207
,31.6,3.6154,31.6,3.6175,31.6,3.6194,31.6,3.6210
,31.7,3.6155,31.7,3.6177,31.7,3.6197,31.7,3.6212
,31.8,3.6158,31.8,3.6181,31.8,3.6201,31.8,3.6217
,31.9,3.6161,31.9,3.6184,31.9,3.6205,31.9,3.6218
,32,3.6165,32,3.6187,32,3.6206,32,3.6222
,32.1,3.6167,32.1,3.6189,32.1,3.6209,32.1,3.6224
,32.2,3.6171,32.2,3.6191,32.2,3.6212,32.2,3.6227
,32.3,3.6172,32.3,3.6194,32.3,3.6215,32.3,3.6231
,32.4,3.6176,32.4,3.6198,32.4,3.6218,32.4,3.6234
,32.5,3.6178,32.5,3.6201,32.5,3.6221,32.5,3.6237
,32.6,3.6181,32.6,3.6202,32.6,3.6224,32.6,3.6240
,32.7,3.6185,32.7,3.6206,32.7,3.6227,32.7,3.6243
,32.8,3.6187,32.8,3.6208,32.8,3.6230,32.8,3.6246
,32.9,3.6191,32.9,3.6211,32.9,3.6233,32.9,3.6248
,33,3.6194,33,3.6215,33,3.6236,33,3.6251
,33.1,3.6197,33.1,3.6217,33.1,3.6239,33.1,3.6254
,33.2,3.6199,33.2,3.6220,33.2,3.6241,33.2,3.6257
,33.3,3.6203,33.3,3.6222,33.3,3.6244,33.3,3.6260
,33.4,3.6205,33.4,3.6226,33.4,3.6247,33.4,3.6264
,33.5,3.6208,33.5,3.6229,33.5,3.6250,33.5,3.6267
,33.6,3.6210,33.6,3.6232,33.6,3.6252,33.6,3.6269
,33.7,3.6214,33.7,3.6235,33.7,3.6256,33.7,3.6272
,33.8,3.6217,33.8,3.6239,33.8,3.6259,33.8,3.6276
,33.9,3.6219,33.9,3.6240,33.9,3.6262,33.9,3.6279
,34,3.6222,34,3.6244,34,3.6265,34,3.6282
,34.1,3.6226,34.1,3.6246,34.1,3.6268,34.1,3.6283
,34.2,3.6229,34.2,3.6249,34.2,3.6271,34.2,3.6287
,34.3,3.6232,34.3,3.6252,34.3,3.6274,34.3,3.6290
,34.4,3.6234,34.4,3.6255,34.4,3.6277,34.4,3.6293
,34.5,3.6237,34.5,3.6259,34.5,3.6280,34.5,3.6296
,34.6,3.6240,34.6,3.6261,34.6,3.6282,34.6,3.6299
,34.7,3.6243,34.7,3.6265,34.7,3.6285,34.7,3.6302
,34.8,3.6245,34.8,3.6267,34.8,3.6287,34.8,3.6305
,34.9,3.6249,34.9,3.6269,34.9,3.6290,34.9,3.6309
,35,3.6251,35,3.6272,35,3.6293,35,3.6311
,35.1,3.6254,35.1,3.6276,35.1,3.6297,35.1,3.6314
,35.2,3.6257,35.2,3.6278,35.2,3.6300,35.2,3.6316
,35.3,3.6261,35.3,3.6281,35.3,3.6303,35.3,3.6319
,35.4,3.6264,35.4,3.6284,35.4,3.6307,35.4,3.6323
,35.5,3.6267,35.5,3.6287,35.5,3.6309,35.5,3.6325
,35.6,3.6269,35.6,3.6290,35.6,3.6312,35.6,3.6328
,35.7,3.6271,35.7,3.6291,35.7,3.6313,35.7,3.6331
,35.8,3.6274,35.8,3.6296,35.8,3.6318,35.8,3.6335
,35.9,3.6278,35.9,3.6298,35.9,3.6321,35.9,3.6339
,36,3.6281,36,3.6300,36,3.6323,36,3.6340
,36.1,3.6284,36.1,3.6304,36.1,3.6326,36.1,3.6344
,36.2,3.6286,36.2,3.6307,36.2,3.6330,36.2,3.6347
,36.3,3.6289,36.3,3.6310,36.3,3.6332,36.3,3.6349
,36.4,3.6291,36.4,3.6312,36.4,3.6336,36.4,3.6351
,36.5,3.6295,36.5,3.6315,36.5,3.6338,36.5,3.6356
,36.6,3.6298,36.6,3.6318,36.6,3.6341,36.6,3.6358
,36.7,3.6300,36.7,3.6322,36.7,3.6344,36.7,3.6360
,36.8,3.6303,36.8,3.6325,36.8,3.6347,36.8,3.6363
,36.9,3.6307,36.9,3.6328,36.9,3.6349,36.9,3.6366
,37,3.6309,37,3.6331,37,3.6353,37,3.6369
,37.1,3.6313,37.1,3.6333,37.1,3.6355,37.1,3.6373
,37.2,3.6315,37.2,3.6336,37.2,3.6358,37.2,3.6376
,37.3,3.6318,37.3,3.6339,37.3,3.6362,37.3,3.6378
,37.4,3.6320,37.4,3.6342,37.4,3.6364,37.4,3.6382
,37.5,3.6324,37.5,3.6345,37.5,3.6368,37.5,3.6385
,37.6,3.6328,37.6,3.6348,37.6,3.6370,37.6,3.6387
,37.7,3.6330,37.7,3.6350,37.7,3.6373,37.7,3.6390
,37.8,3.6333,37.8,3.6353,37.8,3.6377,37.8,3.6393
,37.9,3.6337,37.9,3.6357,37.9,3.6379,37.9,3.6396
,38,3.6340,38,3.6359,38,3.6382,38,3.6399
,38.1,3.6342,38.1,3.6363,38.1,3.6385,38.1,3.6402
,38.2,3.6346,38.2,3.6366,38.2,3.6387,38.2,3.6406
,38.3,3.6349,38.3,3.6369,38.3,3.6390,38.3,3.6409
,38.4,3.6352,38.4,3.6371,38.4,3.6393,38.4,3.6411
,38.5,3.6354,38.5,3.6374,38.5,3.6396,38.5,3.6414
,38.6,3.6358,38.6,3.6378,38.6,3.6400,38.6,3.6418
,38.7,3.6359,38.7,3.6381,38.7,3.6402,38.7,3.6420
,38.8,3.6363,38.8,3.6383,38.8,3.6407,38.8,3.6424
,38.9,3.6366,38.9,3.6386,38.9,3.6409,38.9,3.6426
,39,3.6368,39,3.6390,39,3.6411,39,3.6429
,39.1,3.6372,39.1,3.6392,39.1,3.6415,39.1,3.6432
,39.2,3.6376,39.2,3.6396,39.2,3.6418,39.2,3.6435
,39.3,3.6378,39.3,3.6399,39.3,3.6421,39.3,3.6438
,39.4,3.6381,39.4,3.6401,39.4,3.6422,39.4,3.6441
,39.5,3.6385,39.5,3.6404,39.5,3.6427,39.5,3.6444
,39.6,3.6387,39.6,3.6408,39.6,3.6429,39.6,3.6448
,39.7,3.6390,39.7,3.6410,39.7,3.6432,39.7,3.6451
,39.8,3.6393,39.8,3.6413,39.8,3.6436,39.8,3.6454
,39.9,3.6397,39.9,3.6417,39.9,3.6439,39.9,3.6457
,40,3.6399,40,3.6420,40,3.6442,40,3.6459
,40.1,3.6402,40.1,3.6423,40.1,3.6445,40.1,3.6461
,40.2,3.6406,40.2,3.6426,40.2,3.6448,40.2,3.6465
,40.3,3.6409,40.3,3.6428,40.3,3.6451,40.3,3.6468
,40.4,3.6412,40.4,3.6432,40.4,3.6454,40.4,3.6471
,40.5,3.6415,40.5,3.6435,40.5,3.6457,40.5,3.6475
,40.6,3.6418,40.6,3.6438,40.6,3.6460,40.6,3.6479
,40.7,3.6421,40.7,3.6441,40.7,3.6463,40.7,3.6482
,40.8,3.6425,40.8,3.6444,40.8,3.6466,40.8,3.6484
,40.9,3.6427,40.9,3.6447,40.9,3.6470,40.9,3.6488
,41,3.6431,41,3.6451,41,3.6472,41,3.6491
,41.1,3.6434,41.1,3.6453,41.1,3.6476,41.1,3.6493
,41.2,3.6436,41.2,3.6458,41.2,3.6479,41.2,3.6496
,41.3,3.6440,41.3,3.6460,41.3,3.6483,41.3,3.6500
,41.4,3.6441,41.4,3.6463,41.4,3.6486,41.4,3.6502
,41.5,3.6446,41.5,3.6466,41.5,3.6488,41.5,3.6507
,41.6,3.6449,41.6,3.6469,41.6,3.6492,41.6,3.6509
,41.7,3.6452,41.7,3.6473,41.7,3.6494,41.7,3.6513
,41.8,3.6456,41.8,3.6476,41.8,3.6498,41.8,3.6516
,41.9,3.6459,41.9,3.6479,41.9,3.6500,41.9,3.6519
,42,3.6462,42,3.6483,42,3.6504,42,3.6521
,42.1,3.6465,42.1,3.6486,42.1,3.6508,42.1,3.6526
,42.2,3.6469,42.2,3.6489,42.2,3.6510,42.2,3.6528
,42.3,3.6472,42.3,3.6492,42.3,3.6513,42.3,3.6532
,42.4,3.6476,42.4,3.6495,42.4,3.6518,42.4,3.6534
,42.5,3.6479,42.5,3.6499,42.5,3.6520,42.5,3.6538
,42.6,3.6482,42.6,3.6501,42.6,3.6523,42.6,3.6541
,42.7,3.6484,42.7,3.6505,42.7,3.6527,42.7,3.6544
,42.8,3.6488,42.8,3.6508,42.8,3.6530,42.8,3.6549
,42.9,3.6492,42.9,3.6512,42.9,3.6533,42.9,3.6551
,43,3.6495,43,3.6514,43,3.6536,43,3.6556
,43.1,3.6498,43.1,3.6518,43.1,3.6539,43.1,3.6558
,43.2,3.6503,43.2,3.6522,43.2,3.6543,43.2,3.6560
,43.3,3.6506,43.3,3.6525,43.3,3.6546,43.3,3.6564
,43.4,3.6509,43.4,3.6529,43.4,3.6550,43.4,3.6568
,43.5,3.6511,43.5,3.6532,43.5,3.6553,43.5,3.6570
,43.6,3.6515,43.6,3.6534,43.6,3.6557,43.6,3.6573
,43.7,3.6518,43.7,3.6538,43.7,3.6560,43.7,3.6577
,43.8,3.6522,43.8,3.6542,43.8,3.6563,43.8,3.6580
,43.9,3.6525,43.9,3.6545,43.9,3.6567,43.9,3.6584
,44,3.6530,44,3.6548,44,3.6570,44,3.6587
,44.1,3.6532,44.1,3.6552,44.1,3.6572,44.1,3.6591
,44.2,3.6537,44.2,3.6555,44.2,3.6576,44.2,3.6596
,44.3,3.6539,44.3,3.6559,44.3,3.6580,44.3,3.6599
,44.4,3.6543,44.4,3.6562,44.4,3.6582,44.4,3.6602
,44.5,3.6547,44.5,3.6565,44.5,3.6587,44.5,3.6604
,44.6,3.6550,44.6,3.6568,44.6,3.6591,44.6,3.6608
,44.7,3.6554,44.7,3.6573,44.7,3.6594,44.7,3.6612
,44.8,3.6557,44.8,3.6576,44.8,3.6598,44.8,3.6615
,44.9,3.6561,44.9,3.6580,44.9,3.6601,44.9,3.6618
,45,3.6566,45,3.6583,45,3.6604,45,3.6622
,45.1,3.6568,45.1,3.6587,45.1,3.6609,45.1,3.6627
,45.2,3.6572,45.2,3.6590,45.2,3.6611,45.2,3.6630
,45.3,3.6575,45.3,3.6594,45.3,3.6615,45.3,3.6632
,45.4,3.6579,45.4,3.6597,45.4,3.6620,45.4,3.6636
,45.5,3.6582,45.5,3.6601,45.5,3.6622,45.5,3.6639
,45.6,3.6587,45.6,3.6603,45.6,3.6626,45.6,3.6643
,45.7,3.6589,45.7,3.6607,45.7,3.6629,45.7,3.6647
,45.8,3.6594,45.8,3.6611,45.8,3.6633,45.8,3.6650
,45.9,3.6597,45.9,3.6615,45.9,3.6636,45.9,3.6653
,46,3.6601,46,3.6620,46,3.6640,46,3.6658
,46.1,3.6605,46.1,3.6622,46.1,3.6643,46.1,3.6662
,46.2,3.6609,46.2,3.6628,46.2,3.6647,46.2,3.6664
,46.3,3.6613,46.3,3.6630,46.3,3.6651,46.3,3.6668
,46.4,3.6617,46.4,3.6634,46.4,3.6654,46.4,3.6671
,46.5,3.6620,46.5,3.6638,46.5,3.6659,46.5,3.6675
,46.6,3.6624,46.6,3.6642,46.6,3.6662,46.6,3.6679
,46.7,3.6627,46.7,3.6645,46.7,3.6666,46.7,3.6683
,46.8,3.6631,46.8,3.6649,46.8,3.6669,46.8,3.6687
,46.9,3.6636,46.9,3.6652,46.9,3.6673,46.9,3.6691
,47,3.6641,47,3.6657,47,3.6677,47,3.6694
,47.1,3.6645,47.1,3.6660,47.1,3.6681,47.1,3.6698
,47.2,3.6648,47.2,3.6664,47.2,3.6685,47.2,3.6702
,47.3,3.6651,47.3,3.6668,47.3,3.6688,47.3,3.6706
,47.4,3.6656,47.4,3.6672,47.4,3.6692,47.4,3.6709
,47.5,3.6660,47.5,3.6675,47.5,3.6697,47.5,3.6715
,47.6,3.6664,47.6,3.6679,47.6,3.6700,47.6,3.6717
,47.7,3.6669,47.7,3.6683,47.7,3.6703,47.7,3.6721
,47.8,3.6673,47.8,3.6688,47.8,3.6708,47.8,3.6725
,47.9,3.6677,47.9,3.6691,47.9,3.6711,47.9,3.6729
,48,3.6678,48,3.6695,48,3.6715,48,3.6733
,48.1,3.6683,48.1,3.6700,48.1,3.6720,48.1,3.6737
,48.2,3.6687,48.2,3.6704,48.2,3.6723,48.2,3.6740
,48.3,3.6692,48.3,3.6707,48.3,3.6728,48.3,3.6746
,48.4,3.6696,48.4,3.6711,48.4,3.6732,48.4,3.6751
,48.5,3.6701,48.5,3.6715,48.5,3.6735,48.5,3.6754
,48.6,3.6705,48.6,3.6720,48.6,3.6740,48.6,3.6758
,48.7,3.6709,48.7,3.6724,48.7,3.6743,48.7,3.6761
,48.8,3.6713,48.8,3.6729,48.8,3.6748,48.8,3.6763
,48.9,3.6718,48.9,3.6732,48.9,3.6753,48.9,3.6768
,49,3.6721,49,3.6736,49,3.6757,49,3.6772
,49.1,3.6726,49.1,3.6738,49.1,3.6761,49.1,3.6777
,49.2,3.6731,49.2,3.6742,49.2,3.6764,49.2,3.6780
,49.3,3.6736,49.3,3.6747,49.3,3.6767,49.3,3.6784
,49.4,3.6740,49.4,3.6751,49.4,3.6770,49.4,3.6789
,49.5,3.6744,49.5,3.6755,49.5,3.6776,49.5,3.6792
,49.6,3.6749,49.6,3.6760,49.6,3.6780,49.6,3.6797
,49.7,3.6754,49.7,3.6764,49.7,3.6784,49.7,3.6802
,49.8,3.6758,49.8,3.6769,49.8,3.6789,49.8,3.6806
,49.9,3.6764,49.9,3.6774,49.9,3.6794,49.9,3.6810
,50,3.6769,50,3.6777,50,3.6797,50,3.6815
,50.1,3.6774,50.1,3.6782,50.1,3.6801,50.1,3.6820
,50.2,3.6778,50.2,3.6787,50.2,3.6806,50.2,3.6823
,50.3,3.6783,50.3,3.6791,50.3,3.6810,50.3,3.6828
,50.4,3.6788,50.4,3.6797,50.4,3.6815,50.4,3.6832
,50.5,3.6793,50.5,3.6801,50.5,3.6820,50.5,3.6837
,50.6,3.6798,50.6,3.6805,50.6,3.6825,50.6,3.6841
,50.7,3.6804,50.7,3.6810,50.7,3.6829,50.7,3.6845
,50.8,3.6809,50.8,3.6814,50.8,3.6833,50.8,3.6852
,50.9,3.6813,50.9,3.6818,50.9,3.6839,50.9,3.6855
,51,3.6820,51,3.6824,51,3.6843,51,3.6860
,51.1,3.6825,51.1,3.6829,51.1,3.6848,51.1,3.6865
,51.2,3.6830,51.2,3.6834,51.2,3.6852,51.2,3.6870
,51.3,3.6835,51.3,3.6839,51.3,3.6858,51.3,3.6874
,51.4,3.6841,51.4,3.6844,51.4,3.6863,51.4,3.6879
,51.5,3.6848,51.5,3.6849,51.5,3.6868,51.5,3.6885
,51.6,3.6852,51.6,3.6854,51.6,3.6873,51.6,3.6890
,51.7,3.6859,51.7,3.6859,51.7,3.6878,51.7,3.6895
,51.8,3.6864,51.8,3.6865,51.8,3.6883,51.8,3.6901
,51.9,3.6870,51.9,3.6869,51.9,3.6888,51.9,3.6904
,52,3.6876,52,3.6874,52,3.6894,52,3.6909
,52.1,3.6882,52.1,3.6880,52.1,3.6900,52.1,3.6916
,52.2,3.6888,52.2,3.6885,52.2,3.6903,52.2,3.6921
,52.3,3.6894,52.3,3.6891,52.3,3.6909,52.3,3.6926
,52.4,3.6901,52.4,3.6897,52.4,3.6914,52.4,3.6931
,52.5,3.6906,52.5,3.6902,52.5,3.6921,52.5,3.6936
,52.6,3.6914,52.6,3.6909,52.6,3.6926,52.6,3.6942
,52.7,3.6920,52.7,3.6914,52.7,3.6932,52.7,3.6949
,52.8,3.6926,52.8,3.6920,52.8,3.6937,52.8,3.6953
,52.9,3.6933,52.9,3.6926,52.9,3.6943,52.9,3.6959
,53,3.6940,53,3.6932,53,3.6948,53,3.6965
,53.1,3.6946,53.1,3.6938,53.1,3.6955,53.1,3.6971
,53.2,3.6953,53.2,3.6943,53.2,3.6962,53.2,3.6978
,53.3,3.6961,53.3,3.6949,53.3,3.6968,53.3,3.6984
,53.4,3.6968,53.4,3.6956,53.4,3.6973,53.4,3.6990
,53.5,3.6974,53.5,3.6963,53.5,3.6980,53.5,3.6995
,53.6,3.6981,53.6,3.6969,53.6,3.6986,53.6,3.7003
,53.7,3.6988,53.7,3.6975,53.7,3.6993,53.7,3.7009
,53.8,3.6995,53.8,3.6982,53.8,3.7000,53.8,3.7016
,53.9,3.7003,53.9,3.6989,53.9,3.7006,53.9,3.7022
,54,3.7010,54,3.6995,54,3.7013,54,3.7029
,54.1,3.7017,54.1,3.7002,54.1,3.7020,54.1,3.7036
,54.2,3.7025,54.2,3.7011,54.2,3.7027,54.2,3.7042
,54.3,3.7033,54.3,3.7018,54.3,3.7035,54.3,3.7051
,54.4,3.7040,54.4,3.7024,54.4,3.7041,54.4,3.7057
,54.5,3.7048,54.5,3.7032,54.5,3.7050,54.5,3.7064
,54.6,3.7055,54.6,3.7040,54.6,3.7057,54.6,3.7071
,54.7,3.7063,54.7,3.7048,54.7,3.7063,54.7,3.7080
,54.8,3.7071,54.8,3.7055,54.8,3.7072,54.8,3.7088
,54.9,3.7078,54.9,3.7063,54.9,3.7080,54.9,3.7095
,55,3.7087,55,3.7071,55,3.7089,55,3.7104
,55.1,3.7094,55.1,3.7080,55.1,3.7096,55.1,3.7114
,55.2,3.7102,55.2,3.7088,55.2,3.7105,55.2,3.7122
,55.3,3.7109,55.3,3.7096,55.3,3.7115,55.3,3.7131
,55.4,3.7116,55.4,3.7107,55.4,3.7125,55.4,3.7140
,55.5,3.7124,55.5,3.7115,55.5,3.7133,55.5,3.7149
,55.6,3.7131,55.6,3.7123,55.6,3.7144,55.6,3.7159
,55.7,3.7138,55.7,3.7133,55.7,3.7151,55.7,3.7167
,55.8,3.7146,55.8,3.7143,55.8,3.7161,55.8,3.7178
,55.9,3.7153,55.9,3.7152,55.9,3.7172,55.9,3.7187
,56,3.7160,56,3.7161,56,3.7182,56,3.7198
,56.1,3.7168,56.1,3.7170,56.1,3.7191,56.1,3.7207
,56.2,3.7176,56.2,3.7181,56.2,3.7201,56.2,3.7217
,56.3,3.7183,56.3,3.7190,56.3,3.7213,56.3,3.7226
,56.4,3.7191,56.4,3.7199,56.4,3.7220,56.4,3.7237
,56.5,3.7197,56.5,3.7209,56.5,3.7231,56.5,3.7246
,56.6,3.7205,56.6,3.7219,56.6,3.7240,56.6,3.7258
,56.7,3.7212,56.7,3.7229,56.7,3.7251,56.7,3.7268
,56.8,3.7221,56.8,3.7238,56.8,3.7261,56.8,3.7279
,56.9,3.7226,56.9,3.7248,56.9,3.7273,56.9,3.7290
,57,3.7234,57,3.7258,57,3.7284,57,3.7299
,57.1,3.7240,57.1,3.7267,57.1,3.7293,57.1,3.7311
,57.2,3.7248,57.2,3.7273,57.2,3.7304,57.2,3.7321
,57.3,3.7255,57.3,3.7283,57.3,3.7313,57.3,3.7331
,57.4,3.7262,57.4,3.7292,57.4,3.7324,57.4,3.7341
,57.5,3.7269,57.5,3.7302,57.5,3.7333,57.5,3.7351
,57.6,3.7276,57.6,3.7311,57.6,3.7341,57.6,3.7361
,57.7,3.7283,57.7,3.7318,57.7,3.7353,57.7,3.7370
,57.8,3.7290,57.8,3.7328,57.8,3.7362,57.8,3.7379
,57.9,3.7298,57.9,3.7338,57.9,3.7371,57.9,3.7388
,58,3.7306,58,3.7345,58,3.7380,58,3.7398
,58.1,3.7312,58.1,3.7354,58.1,3.7391,58.1,3.7407
,58.2,3.7318,58.2,3.7363,58.2,3.7399,58.2,3.7416
,58.3,3.7327,58.3,3.7372,58.3,3.7407,58.3,3.7425
,58.4,3.7333,58.4,3.7380,58.4,3.7416,58.4,3.7434
,58.5,3.7338,58.5,3.7389,58.5,3.7425,58.5,3.7442
,58.6,3.7345,58.6,3.7397,58.6,3.7434,58.6,3.7450
,58.7,3.7353,58.7,3.7405,58.7,3.7443,58.7,3.7461
,58.8,3.7361,58.8,3.7412,58.8,3.7451,58.8,3.7468
,58.9,3.7367,58.9,3.7422,58.9,3.7459,58.9,3.7476
,59,3.7374,59,3.7430,59,3.7466,59,3.7485
,59.1,3.7382,59.1,3.7437,59.1,3.7475,59.1,3.7491
,59.2,3.7390,59.2,3.7446,59.2,3.7483,59.2,3.7500
,59.3,3.7396,59.3,3.7453,59.3,3.7491,59.3,3.7506
,59.4,3.7405,59.4,3.7461,59.4,3.7498,59.4,3.7514
,59.5,3.7412,59.5,3.7470,59.5,3.7507,59.5,3.7522
,59.6,3.7420,59.6,3.7477,59.6,3.7514,59.6,3.7529
,59.7,3.7427,59.7,3.7485,59.7,3.7521,59.7,3.7536
,59.8,3.7434,59.8,3.7492,59.8,3.7529,59.8,3.7544
,59.9,3.7442,59.9,3.7501,59.9,3.7537,59.9,3.7551
,60,3.7449,60,3.7507,60,3.7543,60,3.7558
,60.1,3.7456,60.1,3.7516,60.1,3.7550,60.1,3.7565
,60.2,3.7463,60.2,3.7523,60.2,3.7558,60.2,3.7572
,60.3,3.7471,60.3,3.7531,60.3,3.7565,60.3,3.7579
,60.4,3.7479,60.4,3.7539,60.4,3.7573,60.4,3.7586
,60.5,3.7486,60.5,3.7546,60.5,3.7579,60.5,3.7592
,60.6,3.7494,60.6,3.7554,60.6,3.7587,60.6,3.7601
,60.7,3.7502,60.7,3.7560,60.7,3.7594,60.7,3.7607
,60.8,3.7508,60.8,3.7569,60.8,3.7600,60.8,3.7614
,60.9,3.7515,60.9,3.7576,60.9,3.7608,60.9,3.7620
,61,3.7523,61,3.7582,61,3.7615,61,3.7627
,61.1,3.7532,61.1,3.7589,61.1,3.7622,61.1,3.7634
,61.2,3.7538,61.2,3.7597,61.2,3.7629,61.2,3.7642
,61.3,3.7546,61.3,3.7604,61.3,3.7635,61.3,3.7647
,61.4,3.7553,61.4,3.7612,61.4,3.7642,61.4,3.7654
,61.5,3.7560,61.5,3.7619,61.5,3.7649,61.5,3.7662
,61.6,3.7568,61.6,3.7626,61.6,3.7657,61.6,3.7668
,61.7,3.7575,61.7,3.7634,61.7,3.7664,61.7,3.7675
,61.8,3.7583,61.8,3.7640,61.8,3.7670,61.8,3.7682
,61.9,3.7590,61.9,3.7647,61.9,3.7677,61.9,3.7689
,62,3.7596,62,3.7654,62,3.7684,62,3.7694
,62.1,3.7604,62.1,3.7662,62.1,3.7691,62.1,3.7702
,62.2,3.7611,62.2,3.7668,62.2,3.7697,62.2,3.7707
,62.3,3.7619,62.3,3.7675,62.3,3.7704,62.3,3.7715
,62.4,3.7626,62.4,3.7683,62.4,3.7712,62.4,3.7722
,62.5,3.7633,62.5,3.7690,62.5,3.7718,62.5,3.7728
,62.6,3.7639,62.6,3.7696,62.6,3.7725,62.6,3.7735
,62.7,3.7648,62.7,3.7703,62.7,3.7732,62.7,3.7742
,62.8,3.7654,62.8,3.7710,62.8,3.7740,62.8,3.7748
,62.9,3.7662,62.9,3.7717,62.9,3.7745,62.9,3.7756
,63,3.7669,63,3.7725,63,3.7753,63,3.7763
,63.1,3.7677,63.1,3.7730,63.1,3.7759,63.1,3.7769
,63.2,3.7684,63.2,3.7738,63.2,3.7765,63.2,3.7775
,63.3,3.7690,63.3,3.7745,63.3,3.7773,63.3,3.7782
,63.4,3.7699,63.4,3.7753,63.4,3.7779,63.4,3.7790
,63.5,3.7706,63.5,3.7759,63.5,3.7787,63.5,3.7797
,63.6,3.7713,63.6,3.7767,63.6,3.7794,63.6,3.7804
,63.7,3.7719,63.7,3.7774,63.7,3.7802,63.7,3.7810
,63.8,3.7726,63.8,3.7782,63.8,3.7807,63.8,3.7817
,63.9,3.7735,63.9,3.7788,63.9,3.7815,63.9,3.7825
,64,3.7742,64,3.7795,64,3.7821,64,3.7831
,64.1,3.7749,64.1,3.7801,64.1,3.7828,64.1,3.7837
,64.2,3.7757,64.2,3.7810,64.2,3.7835,64.2,3.7844
,64.3,3.7763,64.3,3.7818,64.3,3.7842,64.3,3.7852
,64.4,3.7770,64.4,3.7824,64.4,3.7849,64.4,3.7858
,64.5,3.7778,64.5,3.7830,64.5,3.7856,64.5,3.7865
,64.6,3.7785,64.6,3.7837,64.6,3.7863,64.6,3.7872
,64.7,3.7792,64.7,3.7844,64.7,3.7871,64.7,3.7880
,64.8,3.7799,64.8,3.7852,64.8,3.7877,64.8,3.7887
,64.9,3.7807,64.9,3.7858,64.9,3.7884,64.9,3.7894
,65,3.7815,65,3.7865,65,3.7892,65,3.7899
,65.1,3.7824,65.1,3.7873,65.1,3.7898,65.1,3.7907
,65.2,3.7829,65.2,3.7881,65.2,3.7906,65.2,3.7915
,65.3,3.7836,65.3,3.7888,65.3,3.7913,65.3,3.7922
,65.4,3.7844,65.4,3.7895,65.4,3.7921,65.4,3.7930
,65.5,3.7851,65.5,3.7903,65.5,3.7928,65.5,3.7937
,65.6,3.7859,65.6,3.7909,65.6,3.7935,65.6,3.7944
,65.7,3.7866,65.7,3.7917,65.7,3.7942,65.7,3.7950
,65.8,3.7875,65.8,3.7924,65.8,3.7948,65.8,3.7957
,65.9,3.7880,65.9,3.7931,65.9,3.7956,65.9,3.7964
,66,3.7888,66,3.7937,66,3.7963,66,3.7972
,66.1,3.7895,66.1,3.7945,66.1,3.7970,66.1,3.7979
,66.2,3.7903,66.2,3.7953,66.2,3.7977,66.2,3.7986
,66.3,3.7910,66.3,3.7960,66.3,3.7985,66.3,3.7994
,66.4,3.7917,66.4,3.7967,66.4,3.7994,66.4,3.8001
,66.5,3.7925,66.5,3.7974,66.5,3.7999,66.5,3.8008
,66.6,3.7933,66.6,3.7981,66.6,3.8006,66.6,3.8016
,66.7,3.7940,66.7,3.7989,66.7,3.8015,66.7,3.8022
,66.8,3.7947,66.8,3.7997,66.8,3.8021,66.8,3.8029
,66.9,3.7954,66.9,3.8004,66.9,3.8029,66.9,3.8038
,67,3.7962,67,3.8011,67,3.8036,67,3.8045
,67.1,3.7970,67.1,3.8020,67.1,3.8043,67.1,3.8052
,67.2,3.7976,67.2,3.8027,67.2,3.8051,67.2,3.8059
,67.3,3.7984,67.3,3.8034,67.3,3.8058,67.3,3.8068
,67.4,3.7992,67.4,3.8041,67.4,3.8066,67.4,3.8074
,67.5,3.8000,67.5,3.8049,67.5,3.8073,67.5,3.8082
,67.6,3.8006,67.6,3.8056,67.6,3.8081,67.6,3.8090
,67.7,3.8015,67.7,3.8063,67.7,3.8088,67.7,3.8097
,67.8,3.8021,67.8,3.8072,67.8,3.8097,67.8,3.8104
,67.9,3.8029,67.9,3.8079,67.9,3.8103,67.9,3.8112
,68,3.8037,68,3.8087,68,3.8110,68,3.8119
,68.1,3.8046,68.1,3.8094,68.1,3.8118,68.1,3.8127
,68.2,3.8051,68.2,3.8101,68.2,3.8125,68.2,3.8135
,68.3,3.8059,68.3,3.8109,68.3,3.8133,68.3,3.8142
,68.4,3.8067,68.4,3.8116,68.4,3.8140,68.4,3.8149
,68.5,3.8074,68.5,3.8124,68.5,3.8147,68.5,3.8157
,68.6,3.8082,68.6,3.8130,68.6,3.8156,68.6,3.8166
,68.7,3.8089,68.7,3.8139,68.7,3.8163,68.7,3.8172
,68.8,3.8098,68.8,3.8145,68.8,3.8171,68.8,3.8180
,68.9,3.8106,68.9,3.8153,68.9,3.8178,68.9,3.8188
,69,3.8112,69,3.8161,69,3.8186,69,3.8196
,69.1,3.8120,69.1,3.8169,69.1,3.8194,69.1,3.8204
,69.2,3.8129,69.2,3.8176,69.2,3.8201,69.2,3.8211
,69.3,3.8136,69.3,3.8184,69.3,3.8210,69.3,3.8219
,69.4,3.8144,69.4,3.8192,69.4,3.8217,69.4,3.8227
,69.5,3.8150,69.5,3.8200,69.5,3.8224,69.5,3.8234
,69.6,3.8159,69.6,3.8208,69.6,3.8232,69.6,3.8242
,69.7,3.8167,69.7,3.8215,69.7,3.8240,69.7,3.8250
,69.8,3.8175,69.8,3.8224,69.8,3.8249,69.8,3.8258
,69.9,3.8182,69.9,3.8231,69.9,3.8256,69.9,3.8266
,70,3.8189,70,3.8239,70,3.8263,70,3.8274
,70.1,3.8196,70.1,3.8247,70.1,3.8272,70.1,3.8281
,70.2,3.8206,70.2,3.8254,70.2,3.8281,70.2,3.8290
,70.3,3.8213,70.3,3.8262,70.3,3.8288,70.3,3.8298
,70.4,3.8220,70.4,3.8270,70.4,3.8295,70.4,3.8305
,70.5,3.8229,70.5,3.8278,70.5,3.8303,70.5,3.8313
,70.6,3.8237,70.6,3.8285,70.6,3.8311,70.6,3.8322
,70.7,3.8244,70.7,3.8293,70.7,3.8320,70.7,3.8328
,70.8,3.8252,70.8,3.8302,70.8,3.8327,70.8,3.8338
,70.9,3.8260,70.9,3.8309,70.9,3.8336,70.9,3.8345
,71,3.8269,71,3.8318,71,3.8343,71,3.8353
,71.1,3.8276,71.1,3.8325,71.1,3.8351,71.1,3.8361
,71.2,3.8284,71.2,3.8334,71.2,3.8360,71.2,3.8370
,71.3,3.8292,71.3,3.8342,71.3,3.8368,71.3,3.8378
,71.4,3.8299,71.4,3.8349,71.4,3.8376,71.4,3.8385
,71.5,3.8308,71.5,3.8358,71.5,3.8385,71.5,3.8393
,71.6,3.8315,71.6,3.8365,71.6,3.8392,71.6,3.8402
,71.7,3.8324,71.7,3.8373,71.7,3.8400,71.7,3.8410
,71.8,3.8331,71.8,3.8382,71.8,3.8408,71.8,3.8418
,71.9,3.8339,71.9,3.8391,71.9,3.8416,71.9,3.8426
,72,3.8349,72,3.8398,72,3.8424,72,3.8434
,72.1,3.8356,72.1,3.8406,72.1,3.8433,72.1,3.8442
,72.2,3.8363,72.2,3.8415,72.2,3.8441,72.2,3.8450
,72.3,3.8371,72.3,3.8422,72.3,3.8449,72.3,3.8459
,72.4,3.8381,72.4,3.8430,72.4,3.8457,72.4,3.8468
,72.5,3.8388,72.5,3.8438,72.5,3.8466,72.5,3.8474
,72.6,3.8396,72.6,3.8447,72.6,3.8473,72.6,3.8484
,72.7,3.8404,72.7,3.8455,72.7,3.8482,72.7,3.8492
,72.8,3.8411,72.8,3.8464,72.8,3.8491,72.8,3.8501
,72.9,3.8421,72.9,3.8471,72.9,3.8499,72.9,3.8508
,73,3.8429,73,3.8480,73,3.8508,73,3.8516
,73.1,3.8437,73.1,3.8488,73.1,3.8516,73.1,3.8525
,73.2,3.8446,73.2,3.8496,73.2,3.8523,73.2,3.8534
,73.3,3.8453,73.3,3.8505,73.3,3.8532,73.3,3.8542
,73.4,3.8462,73.4,3.8513,73.4,3.8541,73.4,3.8550
,73.5,3.8469,73.5,3.8522,73.5,3.8548,73.5,3.8558
,73.6,3.8478,73.6,3.8531,73.6,3.8557,73.6,3.8567
,73.7,3.8487,73.7,3.8538,73.7,3.8567,73.7,3.8576
,73.8,3.8494,73.8,3.8547,73.8,3.8574,73.8,3.8584
,73.9,3.8503,73.9,3.8555,73.9,3.8582,73.9,3.8592
,74,3.8511,74,3.8563,74,3.8590,74,3.8600
,74.1,3.8519,74.1,3.8571,74.1,3.8599,74.1,3.8610
,74.2,3.8528,74.2,3.8579,74.2,3.8608,74.2,3.8618
,74.3,3.8535,74.3,3.8588,74.3,3.8616,74.3,3.8626
,74.4,3.8544,74.4,3.8597,74.4,3.8625,74.4,3.8635
,74.5,3.8553,74.5,3.8606,74.5,3.8633,74.5,3.8644
,74.6,3.8561,74.6,3.8614,74.6,3.8642,74.6,3.8652
,74.7,3.8569,74.7,3.8622,74.7,3.8650,74.7,3.8660
,74.8,3.8577,74.8,3.8630,74.8,3.8658,74.8,3.8668
,74.9,3.8585,74.9,3.8639,74.9,3.8667,74.9,3.8677
,75,3.8594,75,3.8647,75,3.8675,75,3.8686
,75.1,3.8603,75.1,3.8655,75.1,3.8684,75.1,3.8694
,75.2,3.8610,75.2,3.8664,75.2,3.8693,75.2,3.8703
,75.3,3.8620,75.3,3.8673,75.3,3.8702,75.3,3.8711
,75.4,3.8628,75.4,3.8682,75.4,3.8710,75.4,3.8720
,75.5,3.8636,75.5,3.8691,75.5,3.8719,75.5,3.8729
,75.6,3.8645,75.6,3.8698,75.6,3.8727,75.6,3.8737
,75.7,3.8653,75.7,3.8707,75.7,3.8736,75.7,3.8746
,75.8,3.8662,75.8,3.8716,75.8,3.8745,75.8,3.8755
,75.9,3.8670,75.9,3.8725,75.9,3.8753,75.9,3.8764
,76,3.8679,76,3.8732,76,3.8761,76,3.8772
,76.1,3.8687,76.1,3.8742,76.1,3.8770,76.1,3.8781
,76.2,3.8696,76.2,3.8751,76.2,3.8779,76.2,3.8791
,76.3,3.8704,76.3,3.8759,76.3,3.8788,76.3,3.8799
,76.4,3.8713,76.4,3.8768,76.4,3.8798,76.4,3.8807
,76.5,3.8721,76.5,3.8777,76.5,3.8806,76.5,3.8816
,76.6,3.8730,76.6,3.8784,76.6,3.8814,76.6,3.8825
,76.7,3.8740,76.7,3.8794,76.7,3.8823,76.7,3.8833
,76.8,3.8749,76.8,3.8803,76.8,3.8831,76.8,3.8842
,76.9,3.8757,76.9,3.8810,76.9,3.8841,76.9,3.8850
,77,3.8763,77,3.8820,77,3.8850,77,3.8860
,77.1,3.8774,77.1,3.8829,77.1,3.8858,77.1,3.8869
,77.2,3.8781,77.2,3.8837,77.2,3.8866,77.2,3.8877
,77.3,3.8791,77.3,3.8846,77.3,3.8875,77.3,3.8887
,77.4,3.8799,77.4,3.8854,77.4,3.8885,77.4,3.8895
,77.5,3.8808,77.5,3.8863,77.5,3.8893,77.5,3.8905
,77.6,3.8816,77.6,3.8873,77.6,3.8902,77.6,3.8913
,77.7,3.8824,77.7,3.8881,77.7,3.8911,77.7,3.8922
,77.8,3.8833,77.8,3.8890,77.8,3.8920,77.8,3.8931
,77.9,3.8843,77.9,3.8900,77.9,3.8929,77.9,3.8941
,78,3.8852,78,3.8909,78,3.8939,78,3.8949
,78.1,3.8860,78.1,3.8918,78.1,3.8948,78.1,3.8958
,78.2,3.8869,78.2,3.8926,78.2,3.8956,78.2,3.8967
,78.3,3.8879,78.3,3.8935,78.3,3.8964,78.3,3.8975
,78.4,3.8886,78.4,3.8944,78.4,3.8974,78.4,3.8985
,78.5,3.8894,78.5,3.8952,78.5,3.8984,78.5,3.8993
,78.6,3.8903,78.6,3.8961,78.6,3.8993,78.6,3.9003
,78.7,3.8914,78.7,3.8970,78.7,3.9002,78.7,3.9013
,78.8,3.8922,78.8,3.8979,78.8,3.9010,78.8,3.9021
,78.9,3.8931,78.9,3.8987,78.9,3.9019,78.9,3.9030
,79,3.8940,79,3.8998,79,3.9029,79,3.9039
,79.1,3.8949,79.1,3.9006,79.1,3.9036,79.1,3.9049
,79.2,3.8958,79.2,3.9016,79.2,3.9047,79.2,3.9058
,79.3,3.8966,79.3,3.9025,79.3,3.9057,79.3,3.9067
,79.4,3.8976,79.4,3.9034,79.4,3.9066,79.4,3.9077
,79.5,3.8985,79.5,3.9043,79.5,3.9075,79.5,3.9085
,79.6,3.8994,79.6,3.9053,79.6,3.9084,79.6,3.9095
,79.7,3.9003,79.7,3.9062,79.7,3.9094,79.7,3.9104
,79.8,3.9012,79.8,3.9071,79.8,3.9103,79.8,3.9114
,79.9,3.9021,79.9,3.9080,79.9,3.9111,79.9,3.9122
,80,3.9030,80,3.9089,80,3.9120,80,3.9131
,80.1,3.9039,80.1,3.9098,80.1,3.9131,80.1,3.9140
,80.2,3.9048,80.2,3.9108,80.2,3.9140,80.2,3.9151
,80.3,3.9058,80.3,3.9117,80.3,3.9149,80.3,3.9159
,80.4,3.9066,80.4,3.9126,80.4,3.9157,80.4,3.9169
,80.5,3.9075,80.5,3.9135,80.5,3.9167,80.5,3.9178
,80.6,3.9085,80.6,3.9144,80.6,3.9177,80.6,3.9188
,80.7,3.9094,80.7,3.9154,80.7,3.9186,80.7,3.9197
,80.8,3.9103,80.8,3.9163,80.8,3.9195,80.8,3.9207
,80.9,3.9112,80.9,3.9172,80.9,3.9204,80.9,3.9215
,81,3.9121,81,3.9181,81,3.9214,81,3.9224
,81.1,3.9131,81.1,3.9191,81.1,3.9224,81.1,3.9233
,81.2,3.9140,81.2,3.9200,81.2,3.9232,81.2,3.9244
,81.3,3.9149,81.3,3.9210,81.3,3.9242,81.3,3.9253
,81.4,3.9158,81.4,3.9219,81.4,3.9251,81.4,3.9262
,81.5,3.9168,81.5,3.9228,81.5,3.9262,81.5,3.9271
,81.6,3.9177,81.6,3.9238,81.6,3.9270,81.6,3.9281
,81.7,3.9185,81.7,3.9246,81.7,3.9280,81.7,3.9291
,81.8,3.9196,81.8,3.9256,81.8,3.9289,81.8,3.9300
,81.9,3.9205,81.9,3.9265,81.9,3.9298,81.9,3.9310
,82,3.9214,82,3.9276,82,3.9308,82,3.9319
,82.1,3.9223,82.1,3.9285,82.1,3.9317,82.1,3.9330
,82.2,3.9234,82.2,3.9295,82.2,3.9328,82.2,3.9338
,82.3,3.9243,82.3,3.9305,82.3,3.9337,82.3,3.9348
,82.4,3.9252,82.4,3.9314,82.4,3.9347,82.4,3.9358
,82.5,3.9261,82.5,3.9323,82.5,3.9357,82.5,3.9367
,82.6,3.9271,82.6,3.9333,82.6,3.9366,82.6,3.9377
,82.7,3.9280,82.7,3.9342,82.7,3.9375,82.7,3.9387
,82.8,3.9289,82.8,3.9352,82.8,3.9386,82.8,3.9396
,82.9,3.9299,82.9,3.9362,82.9,3.9395,82.9,3.9407
,83,3.9308,83,3.9370,83,3.9405,83,3.9416
,83.1,3.9318,83.1,3.9382,83.1,3.9415,83.1,3.9426
,83.2,3.9327,83.2,3.9390,83.2,3.9425,83.2,3.9436
,83.3,3.9336,83.3,3.9401,83.3,3.9436,83.3,3.9445
,83.4,3.9347,83.4,3.9411,83.4,3.9444,83.4,3.9456
,83.5,3.9356,83.5,3.9421,83.5,3.9455,83.5,3.9467
,83.6,3.9365,83.6,3.9430,83.6,3.9464,83.6,3.9475
,83.7,3.9375,83.7,3.9440,83.7,3.9476,83.7,3.9485
,83.8,3.9385,83.8,3.9450,83.8,3.9484,83.8,3.9496
,83.9,3.9394,83.9,3.9460,83.9,3.9494,83.9,3.9505
,84,3.9403,84,3.9469,84,3.9504,84,3.9515
,84.1,3.9414,84.1,3.9479,84.1,3.9515,84.1,3.9524
,84.2,3.9423,84.2,3.9490,84.2,3.9524,84.2,3.9534
,84.3,3.9432,84.3,3.9499,84.3,3.9534,84.3,3.9546
,84.4,3.9444,84.4,3.9510,84.4,3.9544,84.4,3.9555
,84.5,3.9453,84.5,3.9519,84.5,3.9554,84.5,3.9564
,84.6,3.9462,84.6,3.9529,84.6,3.9564,84.6,3.9575
,84.7,3.9472,84.7,3.9539,84.7,3.9574,84.7,3.9585
,84.8,3.9483,84.8,3.9548,84.8,3.9584,84.8,3.9594
,84.9,3.9493,84.9,3.9559,84.9,3.9594,84.9,3.9605
,85,3.9503,85,3.9568,85,3.9604,85,3.9615
,85.1,3.9513,85.1,3.9579,85.1,3.9614,85.1,3.9625
,85.2,3.9524,85.2,3.9589,85.2,3.9625,85.2,3.9635
,85.3,3.9532,85.3,3.9600,85.3,3.9636,85.3,3.9646
,85.4,3.9543,85.4,3.9610,85.4,3.9645,85.4,3.9655
,85.5,3.9552,85.5,3.9620,85.5,3.9656,85.5,3.9665
,85.6,3.9564,85.6,3.9630,85.6,3.9666,85.6,3.9676
,85.7,3.9574,85.7,3.9641,85.7,3.9676,85.7,3.9687
,85.8,3.9583,85.8,3.9651,85.8,3.9687,85.8,3.9696
,85.9,3.9593,85.9,3.9661,85.9,3.9697,85.9,3.9707
,86,3.9603,86,3.9672,86,3.9707,86,3.9718
,86.1,3.9614,86.1,3.9681,86.1,3.9718,86.1,3.9728
,86.2,3.9624,86.2,3.9692,86.2,3.9728,86.2,3.9738
,86.3,3.9634,86.3,3.9703,86.3,3.9738,86.3,3.9750
,86.4,3.9644,86.4,3.9712,86.4,3.9747,86.4,3.9759
,86.5,3.9654,86.5,3.9723,86.5,3.9759,86.5,3.9768
,86.6,3.9664,86.6,3.9734,86.6,3.9769,86.6,3.9780
,86.7,3.9673,86.7,3.9744,86.7,3.9779,86.7,3.9790
,86.8,3.9685,86.8,3.9753,86.8,3.9790,86.8,3.9800
,86.9,3.9694,86.9,3.9764,86.9,3.9800,86.9,3.9810
,87,3.9705,87,3.9776,87,3.9810,87,3.9822
,87.1,3.9715,87.1,3.9785,87.1,3.9821,87.1,3.9831
,87.2,3.9725,87.2,3.9795,87.2,3.9832,87.2,3.9841
,87.3,3.9736,87.3,3.9807,87.3,3.9842,87.3,3.9853
,87.4,3.9747,87.4,3.9816,87.4,3.9853,87.4,3.9863
,87.5,3.9757,87.5,3.9826,87.5,3.9863,87.5,3.9873
,87.6,3.9768,87.6,3.9838,87.6,3.9874,87.6,3.9884
,87.7,3.9779,87.7,3.9848,87.7,3.9885,87.7,3.9894
,87.8,3.9789,87.8,3.9858,87.8,3.9895,87.8,3.9904
,87.9,3.9798,87.9,3.9868,87.9,3.9906,87.9,3.9915
,88,3.9810,88,3.9880,88,3.9916,88,3.9926
,88.1,3.9818,88.1,3.9890,88.1,3.9926,88.1,3.9936
,88.2,3.9829,88.2,3.9900,88.2,3.9937,88.2,3.9947
,88.3,3.9841,88.3,3.9911,88.3,3.9948,88.3,3.9958
,88.4,3.9852,88.4,3.9923,88.4,3.9958,88.4,3.9969
,88.5,3.9861,88.5,3.9932,88.5,3.9970,88.5,3.9978
,88.6,3.9872,88.6,3.9943,88.6,3.9980,88.6,3.9989
,88.7,3.9883,88.7,3.9954,88.7,3.9991,88.7,4.0001
,88.8,3.9894,88.8,3.9964,88.8,4.0003,88.8,4.0011
,88.9,3.9905,88.9,3.9975,88.9,4.0014,88.9,4.0023
,89,3.9915,89,3.9986,89,4.0024,89,4.0033
,89.1,3.9926,89.1,3.9997,89.1,4.0034,89.1,4.0044
,89.2,3.9936,89.2,4.0008,89.2,4.0046,89.2,4.0054
,89.3,3.9947,89.3,4.0021,89.3,4.0057,89.3,4.0066
,89.4,3.9958,89.4,4.0030,89.4,4.0067,89.4,4.0076
,89.5,3.9970,89.5,4.0040,89.5,4.0079,89.5,4.0087
,89.6,3.9980,89.6,4.0053,89.6,4.0088,89.6,4.0098
,89.7,3.9990,89.7,4.0062,89.7,4.0100,89.7,4.0109
,89.8,4.0002,89.8,4.0074,89.8,4.0111,89.8,4.0119
,89.9,4.0012,89.9,4.0085,89.9,4.0122,89.9,4.0131
,90,4.0024,90,4.0096,90,4.0133,90,4.0142
,90.1,4.0034,90.1,4.0107,90.1,4.0144,90.1,4.0153
,90.2,4.0045,90.2,4.0118,90.2,4.0154,90.2,4.0163
,90.3,4.0055,90.3,4.0129,90.3,4.0166,90.3,4.0175
,90.4,4.0067,90.4,4.0139,90.4,4.0178,90.4,4.0187
,90.5,4.0079,90.5,4.0151,90.5,4.0188,90.5,4.0197
,90.6,4.0089,90.6,4.0162,90.6,4.0200,90.6,4.0208
,90.7,4.0101,90.7,4.0174,90.7,4.0210,90.7,4.0219
,90.8,4.0111,90.8,4.0185,90.8,4.0222,90.8,4.0230
,90.9,4.0123,90.9,4.0196,90.9,4.0233,90.9,4.0241
,91,4.0134,91,4.0207,91,4.0242,91,4.0252
,91.1,4.0144,91.1,4.0217,91.1,4.0255,91.1,4.0263
,91.2,4.0156,91.2,4.0230,91.2,4.0266,91.2,4.0275
,91.3,4.0168,91.3,4.0240,91.3,4.0277,91.3,4.0285
,91.4,4.0178,91.4,4.0251,91.4,4.0288,91.4,4.0296
,91.5,4.0190,91.5,4.0263,91.5,4.0299,91.5,4.0308
,91.6,4.0201,91.6,4.0274,91.6,4.0310,91.6,4.0319
,91.7,4.0212,91.7,4.0285,91.7,4.0322,91.7,4.0330
,91.8,4.0223,91.8,4.0296,91.8,4.0333,91.8,4.0341
,91.9,4.0234,91.9,4.0309,91.9,4.0345,91.9,4.0352
,92,4.0246,92,4.0319,92,4.0356,92,4.0365
,92.1,4.0258,92.1,4.0329,92.1,4.0367,92.1,4.0375
,92.2,4.0268,92.2,4.0342,92.2,4.0379,92.2,4.0386
,92.3,4.0281,92.3,4.0353,92.3,4.0389,92.3,4.0398
,92.4,4.0291,92.4,4.0364,92.4,4.0401,92.4,4.0408
,92.5,4.0302,92.5,4.0377,92.5,4.0413,92.5,4.0421
,92.6,4.0315,92.6,4.0388,92.6,4.0424,92.6,4.0432
,92.7,4.0326,92.7,4.0400,92.7,4.0436,92.7,4.0444
,92.8,4.0337,92.8,4.0411,92.8,4.0448,92.8,4.0454
,92.9,4.0349,92.9,4.0421,92.9,4.0458,92.9,4.0467
,93,4.0361,93,4.0433,93,4.0471,93,4.0478
,93.1,4.0373,93.1,4.0446,93.1,4.0482,93.1,4.0490
,93.2,4.0383,93.2,4.0457,93.2,4.0493,93.2,4.0502
,93.3,4.0396,93.3,4.0469,93.3,4.0506,93.3,4.0512
,93.4,4.0407,93.4,4.0480,93.4,4.0517,93.4,4.0524
,93.5,4.0420,93.5,4.0491,93.5,4.0528,93.5,4.0535
,93.6,4.0432,93.6,4.0503,93.6,4.0540,93.6,4.0546
,93.7,4.0443,93.7,4.0515,93.7,4.0553,93.7,4.0558
,93.8,4.0454,93.8,4.0527,93.8,4.0563,93.8,4.0570
,93.9,4.0466,93.9,4.0537,93.9,4.0576,93.9,4.0582
,94,4.0477,94,4.0551,94,4.0588,94,4.0593
,94.1,4.0491,94.1,4.0562,94.1,4.0598,94.1,4.0605
,94.2,4.0502,94.2,4.0574,94.2,4.0611,94.2,4.0616
,94.3,4.0513,94.3,4.0587,94.3,4.0622,94.3,4.0628
,94.4,4.0526,94.4,4.0598,94.4,4.0634,94.4,4.0640
,94.5,4.0538,94.5,4.0609,94.5,4.0645,94.5,4.0651
,94.6,4.0550,94.6,4.0622,94.6,4.0658,94.6,4.0663
,94.7,4.0563,94.7,4.0633,94.7,4.0669,94.7,4.0675
,94.8,4.0574,94.8,4.0645,94.8,4.0680,94.8,4.0687
,94.9,4.0585,94.9,4.0658,94.9,4.0693,94.9,4.0699
,95,4.0598,95,4.0669,95,4.0705,95,4.0711
,95.1,4.0611,95.1,4.0681,95.1,4.0717,95.1,4.0721
,95.2,4.0623,95.2,4.0694,95.2,4.0729,95.2,4.0734
,95.3,4.0636,95.3,4.0705,95.3,4.0740,95.3,4.0746
,95.4,4.0647,95.4,4.0717,95.4,4.0752,95.4,4.0758
,95.5,4.0660,95.5,4.0732,95.5,4.0765,95.5,4.0768
,95.6,4.0672,95.6,4.0742,95.6,4.0776,95.6,4.0781
,95.7,4.0684,95.7,4.0754,95.7,4.0788,95.7,4.0793
,95.8,4.0697,95.8,4.0767,95.8,4.0801,95.8,4.0805
,95.9,4.0710,95.9,4.0779,95.9,4.0813,95.9,4.0817
,96,4.0722,96,4.0791,96,4.0824,96,4.0829
,96.1,4.0733,96.1,4.0803,96.1,4.0837,96.1,4.0840
,96.2,4.0746,96.2,4.0815,96.2,4.0848,96.2,4.0853
,96.3,4.0759,96.3,4.0828,96.3,4.0860,96.3,4.0864
,96.4,4.0771,96.4,4.0840,96.4,4.0873,96.4,4.0877
,96.5,4.0784,96.5,4.0853,96.5,4.0885,96.5,4.0888
,96.6,4.0797,96.6,4.0863,96.6,4.0897,96.6,4.0900
,96.7,4.0810,96.7,4.0878,96.7,4.0909,96.7,4.0913
,96.8,4.0823,96.8,4.0890,96.8,4.0922,96.8,4.0924
,96.9,4.0835,96.9,4.0902,96.9,4.0933,96.9,4.0936
,97,4.0849,97,4.0915,97,4.0945,97,4.0949
,97.1,4.0861,97.1,4.0927,97.1,4.0958,97.1,4.0960
,97.2,4.0875,97.2,4.0939,97.2,4.0971,97.2,4.0973
,97.3,4.0887,97.3,4.0952,97.3,4.0983,97.3,4.0985
,97.4,4.0900,97.4,4.0964,97.4,4.0995,97.4,4.0997
,97.5,4.0913,97.5,4.0978,97.5,4.1007,97.5,4.1009
,97.6,4.0927,97.6,4.0989,97.6,4.1020,97.6,4.1021
,97.7,4.0939,97.7,4.1002,97.7,4.1032,97.7,4.1033
,97.8,4.0952,97.8,4.1015,97.8,4.1045,97.8,4.1047
,97.9,4.0965,97.9,4.1028,97.9,4.1059,97.9,4.1061
,98,4.0981,98,4.1042,98,4.1070,98,4.1072
,98.1,4.0995,98.1,4.1055,98.1,4.1084,98.1,4.1086
,98.2,4.1009,98.2,4.1070,98.2,4.1097,98.2,4.1099
,98.3,4.1021,98.3,4.1083,98.3,4.1111,98.3,4.1113
,98.4,4.1036,98.4,4.1098,98.4,4.1128,98.4,4.1128
,98.5,4.1049,98.5,4.1116,98.5,4.1145,98.5,4.1143
,98.6,4.1066,98.6,4.1132,98.6,4.1162,98.6,4.1159
,98.7,4.1083,98.7,4.1148,98.7,4.1177,98.7,4.1175
,98.8,4.1098,98.8,4.1163,98.8,4.1192,98.8,4.1190
,98.9,4.1116,98.9,4.1177,98.9,4.1208,98.9,4.1209
,99,4.1133,99,4.1196,99,4.1228,99,4.1225
,99.1,4.1152,99.1,4.1213,99.1,4.1245,99.1,4.1242
,99.2,4.1174,99.2,4.1232,99.2,4.1261,99.2,4.1257
,99.3,4.1193,99.3,4.1252,99.3,4.1278,99.3,4.1275
,99.4,4.1215,99.4,4.1271,99.4,4.1297,99.4,4.1293
,99.5,4.1239,99.5,4.1294,99.5,4.1315,99.5,4.1308
,99.6,4.1261,99.6,4.1313,99.6,4.1334,99.6,4.1329
,99.7,4.1290,99.7,4.1333,99.7,4.1353,99.7,4.1349
,99.8,4.1324,99.8,4.1361,99.8,4.1376,99.8,4.1369
,99.9,4.1364,99.9,4.1388,99.9,4.1400,99.9,4.1391
,100,4.1437,100,4.1442,100,4.1444,100,4.1429
