SOC,Temp,,,,,,,,,,,,,,,,,,,,,,,,,,,,,,,,,,,,,,,,,,,,,,,,,,,,,,,,,,,,,,,,,,,,,,,,,,,,,,,,,,,,,,,,,,,,,,,,,,,,,
0.0,283.15,0.000226677043152073,0.000231163699641744,0.00023565035613141403,0.000240137012621085,0.000244623669110755,0.000249110325600426,0.000253596982090096,0.000258083638579767,0.000262570295069437,0.000267056951559108,0.000271543608048779,0.000278212019951168,0.000284880431853557,0.000291548843755946,0.00029821725565833503,0.000304885667560724,0.000311554079463113,0.000318222491365502,0.000324890903267891,0.00033155931517028,0.00033822772707266897,0.000344896138975058,0.000351564550877447,0.000358232962779836,0.000364901374682225,0.000371569786584614,0.00037823819848700296,0.000384906610389392,0.000391575022291781,0.00039824343419417004,0.00040491184609655896,0.000411580257998948,0.000418248669901337,0.000424917081803726,0.000431585493706115,0.000438253905608504,0.00044492231751089295,0.00045159072941328203,0.000458259141315671,0.00046492755321806,0.000471595965120449,0.00047826437702283797,0.00048493278892522694,0.000491601200827616,0.0004982696127300049,0.000504938024632394,0.000511606436534783,0.000518274848437172,0.000524943260339561,0.00053161167224195,0.000538280084144339,0.00054688544381368,0.0005554908034830219,0.000564096163152364,0.000572701522821705,0.000581306882491047,0.000589912242160389,0.00059851760182973,0.000607122961499072,0.000615728321168414,0.000624333680837756,0.0006329390405070969,0.0006415444001764389,0.000650149759845781,0.000658755119515122,0.000667360479184464,0.0006759658388538059,0.000684571198523147,0.000693176558192489,0.000701781917861831,0.000710387277531172,0.0007189926372005139,0.0007275979968698559,0.0007362033565391981,0.000744808716208539,0.0007534140758778809,0.000762019435547223,0.000770624795216564,0.000779230154885906,0.0007878355145552481,0.0007964408742245889,0.0008050462338939309,0.0008136515935632731,0.000822256953232614,0.000830862312901956,0.000839467672571298,0.000848073032240639,0.000856678391909981,0.0008652837515793231,0.000873889111248664,0.000882494470918006,0.00092961623352116,0.0009767379961243131,0.00102385975872747,0.0010709815213306199,0.00111810328393377,0.0011652250465369301,0.00121234680914008,0.0012594685717432401,0.00130659033434639,0.00135371209694954
0.01,284.15,0.000233667473702924,0.000238292492949407,0.00024291751219589,0.000247542531442373,0.000252167550688856,0.00025679256993533904,0.000261417589181821,0.000266042608428304,0.000270667627674787,0.00027529264692127003,0.000279917666167753,0.000286791723377844,0.000293665780587936,0.000300539837798027,0.000307413895008119,0.000314287952218211,0.000321162009428302,0.000328036066638394,0.000334910123848485,0.000341784181058577,0.000348658238268669,0.00035553229547876,0.000362406352688852,0.000369280409898943,0.000376154467109035,0.000383028524319126,0.00038990258152921803,0.00039677663873931003,0.000403650695949401,0.000410524753159493,0.00041739881036958397,0.00042427286757967597,0.000431146924789768,0.000438020981999859,0.000444895039209951,0.000451769096420042,0.000458643153630134,0.00046551721084022596,0.000472391268050317,0.000479265325260409,0.000486139382470501,0.000493013439680592,0.000499887496890684,0.000506761554100775,0.000513635611310867,0.000520509668520959,0.00052738372573105,0.000534257782941142,0.000541131840151233,0.000548005897361325,0.000554879954571416,0.000563750692544168,0.000572621430516919,0.000581492168489671,0.0005903629064624219,0.0005992336444351741,0.000608104382407925,0.000616975120380676,0.000625845858353428,0.000634716596326179,0.0006435873342989309,0.000652458072271682,0.000661328810244433,0.000670199548217185,0.000679070286189936,0.000687941024162688,0.0006968117621354389,0.000705682500108191,0.0007145532380809419,0.000723423976053693,0.000732294714026445,0.000741165451999196,0.000750036189971948,0.000758906927944699,0.0007677776659174509,0.000776648403890202,0.0007855191418629531,0.000794389879835705,0.000803260617808456,0.000812131355781208,0.000821002093753959,0.000829872831726711,0.0008387435696994621,0.000847614307672213,0.0008564850456449651,0.000865355783617716,0.000874226521590467,0.0008830972595632189,0.00089196799753597,0.0009008387355087221,0.0009097094734814731,0.0009582844110701949,0.00100685934865892,0.00105543428624764,0.00110400922383636,0.00115258416142508,0.0012011590990138,0.00124973403660252,0.00129830897419125,0.00134688391177997,0.00139545884936869
0.02,285.15,0.00024087348020538903,0.000245641129139419,0.000250408778073449,0.000255176427007479,0.00025994407594150896,0.00026471172487553904,0.00026947937380956803,0.000274247022743598,0.00027901467167762797,0.000283782320611658,0.00028854996954568796,0.000295636013902169,0.00030272205825865,0.00030980810261513,0.000316894146971611,0.000323980191328092,0.00033106623568457204,0.000338152280041053,0.000345238324397534,0.00035232436875401403,0.00035941041311049503,0.000366496457466976,0.000373582501823457,0.000380668546179937,0.000387754590536418,0.00039484063489289903,0.000401926679249379,0.00040901272360586,0.000416098767962341,0.000423184812318821,0.000430270856675302,0.000437356901031783,0.000444442945388263,0.00045152898974474404,0.000458615034101225,0.00046570107845770594,0.000472787122814186,0.000479873167170667,0.00048695921152714804,0.000494045255883628,0.000501131300240109,0.00050821734459659,0.00051530338895307,0.000522389433309551,0.000529475477666032,0.000536561522022512,0.0005436475663789929,0.000550733610735474,0.000557819655091954,0.0005649056994484349,0.000571991743804916,0.0005811360440090741,0.000590280344213232,0.00059942464441739,0.0006085689446215481,0.0006177132448257059,0.000626857545029864,0.000636001845234022,0.00064514614543818,0.000654290445642338,0.000663434745846496,0.000672579046050654,0.000681723346254812,0.000690867646458969,0.000700011946663128,0.0007091562468672849,0.000718300547071443,0.000727444847275601,0.0007365891474797589,0.000745733447683917,0.000754877747888075,0.000764022048092233,0.000773166348296391,0.000782310648500549,0.000791454948704707,0.000800599248908865,0.0008097435491130231,0.000818887849317181,0.0008280321495213389,0.000837176449725497,0.000846320749929655,0.000855465050133813,0.000864609350337971,0.000873753650542129,0.0008828979507462869,0.0008920422509504449,0.000901186551154603,0.0009103308513587609,0.0009194751515629189,0.000928619451767077,0.000937763751971234,0.000987836678606417,0.0010379096052416,0.0010879825318767802,0.00113805545851196,0.00118812838514715,0.0012382013117823302,0.00128827423841751,0.00133834716505269,0.00138842009168787,0.00143849301832306
0.03,286.15,0.000248301710746529,0.000253216387885536,0.000258131065024544,0.000263045742163551,0.000267960419302558,0.00027287509644156497,0.000277789773580572,0.000282704450719579,0.000287619127858586,0.00029253380499759304,0.0002974484821366,0.00030475305105236297,0.00031205761996812596,0.000319362188883889,0.000326666757799653,0.000333971326715416,0.000341275895631179,0.000348580464546942,0.000355885033462705,0.000363189602378468,0.000370494171294231,0.000377798740209994,0.000385103309125757,0.00039240787804152,0.000399712446957283,0.000407017015873046,0.000414321584788809,0.000421626153704572,0.000428930722620335,0.000436235291536098,0.00044353986045186103,0.000450844429367624,0.000458148998283387,0.00046545356719915,0.000472758136114913,0.000480062705030676,0.000487367273946439,0.0004946718428622019,0.000501976411777965,0.000509280980693728,0.000516585549609491,0.000523890118525254,0.000531194687441017,0.00053849925635678,0.000545803825272543,0.0005531083941883071,0.0005604129631040701,0.000567717532019833,0.000575022100935596,0.0005823266698513589,0.0005896312387671219,0.000599057537512572,0.000608483836258022,0.000617910135003472,0.000627336433748922,0.0006367627324943719,0.000646189031239822,0.000655615329985272,0.000665041628730722,0.000674467927476173,0.000683894226221623,0.000693320524967073,0.0007027468237125231,0.0007121731224579731,0.000721599421203423,0.000731025719948874,0.000740452018694324,0.0007498783174397741,0.000759304616185224,0.000768730914930674,0.000778157213676124,0.000787583512421574,0.0007970098111670241,0.000806436109912475,0.000815862408657925,0.000825288707403375,0.000834715006148825,0.000844141304894275,0.000853567603639725,0.000862993902385175,0.000872420201130625,0.000881846499876076,0.0008912727986215259,0.000900699097366976,0.000910125396112426,0.000919551694857876,0.000928977993603326,0.0009384042923487759,0.000947830591094226,0.000957256889839677,0.000966683188585126,0.00101830030033607,0.00106991741208702,0.00112153452383797,0.00117315163558892,0.00122476874733986,0.0012763858590908099,0.00132800297084176,0.00137962008259271,0.00143123719434365,0.0014828543060946
0.04,287.15,0.000255959018431925,0.000261025257938,0.000266091497444075,0.000271157736950151,0.00027622397645622596,0.00028129021596230095,0.000286356455468376,0.000291422694974451,0.00029648893448052597,0.00030155517398660096,0.000306621413492676,0.00031415124598607996,0.00032168107847948396,0.00032921091097288797,0.000336740743466292,0.000344270575959697,0.00035180040845310097,0.000359330240946505,0.000366860073439909,0.000374389905933313,0.000381919738426717,0.00038944957092012204,0.000396979403413526,0.00040450923590693,0.000412039068400334,0.00041956890089373796,0.000427098733387142,0.000434628565880547,0.00044215839837395096,0.00044968823086735497,0.000457218063360759,0.000464747895854163,0.000472277728347567,0.000479807560840972,0.000487337393334376,0.0004948672258277799,0.000502397058321184,0.000509926890814588,0.000517456723307992,0.000524986555801397,0.000532516388294801,0.000540046220788205,0.000547576053281609,0.000555105885775013,0.000562635718268417,0.000570165550761822,0.000577695383255226,0.00058522521574863,0.000592755048242034,0.000600284880735438,0.000607814713228842,0.0006175317069904941,0.000627248700752146,0.000636965694513798,0.00064668268827545,0.0006563996820371019,0.000666116675798754,0.000675833669560405,0.000685550663322057,0.000695267657083709,0.0007049846508453611,0.0007147016446070129,0.0007244186383686639,0.000734135632130316,0.000743852625891968,0.00075356961965362,0.000763286613415272,0.000773003607176924,0.000782720600938575,0.000792437594700227,0.000802154588461879,0.0008118715822235309,0.000821588575985183,0.000831305569746835,0.000841022563508486,0.000850739557270138,0.0008604565510317901,0.000870173544793442,0.0008798905385550939,0.0008896075323167461,0.000899324526078398,0.000909041519840049,0.000918758513601701,0.0009284755073633529,0.0009381925011250051,0.0009479094948866571,0.000957626488648308,0.0009673434824099599,0.000977060476171612,0.000986777469933264,0.000996494463694916,0.0010497033812587198,0.0011029122988225198,0.00115612121638633,0.00120933013395013,0.00126253905151393,0.00131574796907774,0.00136895688664154,0.00142216580420535,0.00147537472176915,0.00152858363933295
0.05,288.15,0.000263852467708181,0.000269074943571184,0.000274297419434186,0.000279519895297189,0.000284742371160192,0.000289964847023194,0.00029518732288619703,0.000300409798749199,0.00030563227461220203,0.000310854750475205,0.00031607722633820697,0.00032383926925033196,0.00033160131216245696,0.000339363355074581,0.00034712539798670603,0.00035488744089883103,0.000362649483810956,0.00037041152672308,0.000378173569635205,0.00038593561254733,0.000393697655459455,0.000401459698371579,0.000409221741283704,0.000416983784195829,0.000424745827107954,0.00043250787002007795,0.000440269912932203,0.00044803195584432805,0.00045579399875645305,0.00046355604166857696,0.00047131808458070196,0.00047908012749282695,0.00048684217040495195,0.0004946042133170769,0.000502366256229201,0.000510128299141326,0.000517890342053451,0.000525652384965575,0.0005334144278777,0.000541176470789825,0.00054893851370195,0.000556700556614074,0.000564462599526199,0.000572224642438324,0.000579986685350449,0.0005877487282625741,0.000595510771174698,0.0006032728140868231,0.000611034856998948,0.000618796899911072,0.0006265589428231969,0.000636575596264141,0.000646592249705086,0.00065660890314603,0.000666625556586974,0.000676642210027918,0.000686658863468862,0.000696675516909806,0.00070669217035075,0.000716708823791695,0.0007267254772326389,0.000736742130673583,0.0007467587841145269,0.000756775437555471,0.000766792090996416,0.00077680874443736,0.000786825397878304,0.0007968420513192481,0.000806858704760192,0.0008168753582011361,0.0008268920116420809,0.000836908665083025,0.000846925318523969,0.000856941971964913,0.000866958625405857,0.000876975278846801,0.0008869919322877461,0.0008970085857286901,0.000907025239169634,0.000917041892610578,0.0009270585460515221,0.000937075199492467,0.0009470918529334109,0.0009571085063743551,0.000967125159815299,0.000977141813256243,0.0009871584666971869,0.000997175120138131,0.00100719177357908,0.00101720842702002,0.00102722508046096,0.0010820748930962,0.00113692470573144,0.0011917745183666801,0.0012466243310019199,0.00130147414363716,0.0013563239562724,0.00141117376890764,0.0014660235815428801,0.00152087339417812,0.00157572320681335
0.06,289.15,0.000271989340880412,0.000277372871230081,0.00028275640157975,0.000288139931929418,0.000293523462279087,0.000298906992628755,0.000304290522978424,0.00030967405332809304,0.000315057583677761,0.00032044111402743,0.000325824644377098,0.000333826058780731,0.00034182747318436404,0.000349828887587997,0.000357830301991629,0.000365831716395262,0.000373833130798895,0.000381834545202528,0.00038983595960616,0.00039783737400979303,0.00040583878841342596,0.000413840202817059,0.000421841617220691,0.00042984303162432405,0.000437844446027957,0.00044584586043159,0.00045384727483522197,0.00046184868923885495,0.000469850103642488,0.000477851518046121,0.000485852932449754,0.000493854346853386,0.0005018557612570191,0.000509857175660652,0.0005178585900642849,0.000525860004467917,0.00053386141887155,0.000541862833275183,0.000549864247678816,0.0005578656620824481,0.000565867076486081,0.0005738684908897139,0.000581869905293347,0.00058987131969698,0.0005978727341006121,0.000605874148504245,0.000613875562907878,0.00062187697731151,0.000629878391715143,0.000637879806118776,0.000645881220522409,0.000656206774764498,0.000666532329006587,0.000676857883248676,0.000687183437490766,0.000697508991732855,0.000707834545974944,0.000718160100217033,0.000728485654459122,0.000738811208701212,0.000749136762943301,0.0007594623171853901,0.000769787871427479,0.0007801134256695691,0.000790438979911658,0.000800764534153747,0.000811090088395836,0.000821415642637926,0.000831741196880015,0.000842066751122104,0.000852392305364193,0.000862717859606282,0.000873043413848372,0.0008833689680904609,0.00089369452233255,0.000904020076574639,0.0009143456308167289,0.0009246711850588179,0.0009349967393009071,0.0009453222935429961,0.000955647847785086,0.000965973402027175,0.0009762989562692641,0.000986624510511353,0.000996950064753442,0.0010072756189955301,0.00101760117323762,0.00102792672747971,0.0010382522817218,0.00104857783596389,0.00105890339020598,0.00111544470102128,0.00117198601183658,0.0012285273226518801,0.00128506863346719,0.00134160994428249,0.00139815125509779,0.00145469256591309,0.0015112338767284,0.0015677751875437,0.001624316498359
0.07,290.15,0.000280377144830726,0.000285926696381768,0.000291476247932809,0.000297025799483851,0.000302575351034892,0.000308124902585934,0.000313674454136975,0.00031922400568801604,0.000324773557239058,0.00033032310879009904,0.000335872660341141,0.000344120828147409,0.00035236899595367797,0.000360617163759946,0.000368865331566215,0.00037711349937248303,0.000385361667178752,0.00039360983498502004,0.000401858002791289,0.000410106170597557,0.00041835433840382597,0.000426602506210094,0.000434850674016363,0.000443098841822631,0.0004513470096289,0.000459595177435168,0.000467843345241437,0.000476091513047705,0.00048433968085397403,0.000492587848660242,0.000500836016466511,0.000509084184272779,0.000517332352079048,0.000525580519885316,0.000533828687691584,0.0005420768554978531,0.000550325023304121,0.00055857319111039,0.000566821358916658,0.000575069526722927,0.000583317694529195,0.000591565862335464,0.000599814030141732,0.000608062197948001,0.000616310365754269,0.000624558533560538,0.000632806701366806,0.000641054869173075,0.0006493030369793429,0.000657551204785612,0.00066579937259188,0.000676443353741364,0.0006870873348908491,0.0006977313160403331,0.0007083752971898169,0.0007190192783393019,0.000729663259488786,0.00074030724063827,0.000750951221787754,0.000761595202937239,0.0007722391840867231,0.000782883165236208,0.000793527146385692,0.000804171127535176,0.00081481510868466,0.0008254590898341451,0.000836103070983629,0.000846747052133113,0.000857391033282598,0.000868035014432082,0.000878678995581566,0.00088932297673105,0.000899966957880535,0.000910610939030019,0.000921254920179503,0.0009318989013289881,0.0009425428824784721,0.000953186863627956,0.000963830844777441,0.000974474825926925,0.000985118807076409,0.000995762788225894,0.00100640676937538,0.00101705075052486,0.00102769473167435,0.00103833871282383,0.00104898269397332,0.0010596266751228,0.0010702706562722801,0.00108091463742177,0.00109155861857125,0.0011498435912105,0.00120812856384974,0.00126641353648899,0.00132469850912823,0.00138298348176748,0.0014412684544067198,0.00149955342704597,0.00155783839968521,0.00161612337232446,0.0016744083449637
0.08,291.15,0.000289023617943887,0.000294744310578148,0.000300465003212408,0.00030618569584666804,0.000311906388480929,0.000317627081115189,0.00032334777374945,0.00032906846638371,0.000334789159017971,0.000340509851652231,0.000346230544286492,0.000354733075055236,0.000363235605823981,0.000371738136592726,0.00038024066736147,0.00038874319813021497,0.000397245728898959,0.000405748259667704,0.000414250790436449,0.00042275332120519303,0.000431255851973938,0.000439758382742682,0.00044826091351142695,0.00045676344428017195,0.00046526597504891604,0.00047376850581766104,0.00048227103658640496,0.00049077356735515,0.0004992760981238951,0.000507778628892639,0.000516281159661384,0.000524783690430128,0.000533286221198873,0.0005417887519676179,0.000550291282736362,0.0005587938135051071,0.000567296344273851,0.000575798875042596,0.000584301405811341,0.000592803936580085,0.00060130646734883,0.000609808998117574,0.000618311528886319,0.0006268140596550639,0.000635316590423808,0.0006438191211925531,0.000652321651961297,0.000660824182730042,0.000669326713498787,0.0006778292442675309,0.000686331775036276,0.000697304002972357,0.0007082762309084389,0.000719248458844521,0.000730220686780602,0.000741192914716684,0.000752165142652765,0.0007631373705888469,0.000774109598524928,0.00078508182646101,0.000796054054397092,0.0008070262823331731,0.000817998510269255,0.000828970738205336,0.0008399429661414179,0.0008509151940775,0.000861887422013581,0.000872859649949663,0.000883831877885744,0.0008948041058218259,0.000905776333757907,0.0009167485616939891,0.0009277207896300711,0.000938693017566152,0.000949665245502234,0.000960637473438315,0.000971609701374397,0.000982581929310479,0.00099355415724656,0.00100452638518264,0.00101549861311872,0.00102647084105481,0.0010374430689908901,0.00104841529692697,0.00105938752486305,0.00107035975279913,0.0010813319807352099,0.00109230420867129,0.00110327643660738,0.00111424866454346,0.00112522089247954,0.00118530329924677,0.001245385706014,0.00130546811278124,0.0013655505195484699,0.0014256329263157,0.00148571533308294,0.0015457977398501699,0.0016058801466174,0.00166596255338464,0.0017260449601518698
0.09,292.15,0.00029793673724656404,0.000303833848736508,0.000309730960226452,0.000315628071716396,0.00032152518320634,0.000327422294696283,0.000333319406186227,0.000339216517676171,0.000345113629166115,0.000351010740656058,0.000356907852146002,0.00036567259010617203,0.000374437328066341,0.000383202066026511,0.00039196680398667996,0.00040073154194684903,0.000409496279907019,0.000418261017867188,0.000427025755827358,0.000435790493787527,0.00044455523174769695,0.000453319969707866,0.000462084707668035,0.000470849445628205,0.000479614183588374,0.000488378921548544,0.000497143659508713,0.000505908397468883,0.000514673135429052,0.000523437873389221,0.000532202611349391,0.00054096734930956,0.00054973208726973,0.000558496825229899,0.0005672615631900679,0.000576026301150238,0.0005847910391104071,0.000593555777070577,0.000602320515030746,0.000611085252990916,0.000619849990951085,0.000628614728911254,0.000637379466871424,0.000646144204831593,0.000654908942791763,0.0006636736807519321,0.0006724384187121009,0.000681203156672271,0.0006899678946324401,0.00069873263259261,0.000707497370552779,0.000718807967987195,0.000730118565421611,0.000741429162856027,0.000752739760290443,0.000764050357724859,0.000775360955159275,0.000786671552593691,0.000797982150028107,0.0008092927474625231,0.000820603344896939,0.000831913942331355,0.000843224539765771,0.000854535137200187,0.000865845734634603,0.000877156332069019,0.0008884669295034349,0.0008997775269378509,0.000911088124372267,0.0009223987218066831,0.0009337093192410991,0.0009450199166755151,0.0009563305141099311,0.0009676411115443471,0.000978951708978763,0.000990262306413179,0.0010015729038475901,0.00101288350128201,0.0010241940987164302,0.0010355046961508401,0.00104681529358526,0.00105812589101967,0.00106943648845409,0.00108074708588851,0.00109205768332292,0.00110336828075734,0.00111467887819175,0.00112598947562617,0.00113730007306059,0.001148610670495,0.00115992126792942,0.00122185653939788,0.00128379181086633,0.00134572708233479,0.00140766235380325,0.0014695976252717,0.00153153289674016,0.00159346816820862,0.00165540343967708,0.0017173387111455302,0.0017792739826139898
0.1,293.15,0.000307124725766744,0.000313203696644598,0.000319282667522453,0.000325361638400308,0.000331440609278162,0.00033751958015601697,0.000343598551033871,0.000349677521911726,0.000355756492789581,0.00036183546366743503,0.00036791443454529,0.00037694946583183704,0.00038598449711838397,0.000395019528404931,0.000404054559691478,0.000413089590978024,0.000422124622264571,0.00043115965355111803,0.000440194684837665,0.000449229716124212,0.000458264747410759,0.000467299778697306,0.00047633480998385193,0.00048536984127039903,0.000494404872556946,0.0005034399038434929,0.00051247493513004,0.000521509966416587,0.000530544997703134,0.00053958002898968,0.000548615060276227,0.000557650091562774,0.000566685122849321,0.000575720154135868,0.000584755185422415,0.000593790216708962,0.000602825247995508,0.0006118602792820549,0.000620895310568602,0.000629930341855149,0.000638965373141696,0.000648000404428243,0.00065703543571479,0.000666070467001337,0.000675105498287883,0.00068414052957443,0.000693175560860977,0.000702210592147524,0.000711245623434071,0.000720280654720618,0.000729315686007165,0.0007409750878231549,0.000752634489639147,0.000764293891455138,0.000775953293271129,0.0007876126950871201,0.000799272096903111,0.0008109314987191019,0.000822590900535093,0.000834250302351084,0.000845909704167075,0.000857569105983066,0.000869228507799057,0.000880887909615048,0.0008925473114310391,0.0009042067132470301,0.0009158661150630211,0.0009275255168790119,0.0009391849186950029,0.000950844320510994,0.000962503722326985,0.0009741631241429769,0.000985822525958968,0.000997481927774959,0.00100914132959095,0.00102080073140694,0.00103246013322293,0.0010441195350389199,0.00105577893685491,0.0010674383386709099,0.0010790977404869,0.00109075714230289,0.00110241654411888,0.0011140759459348699,0.00112573534775086,0.00113739474956685,0.0011490541513828401,0.0011607135531988301,0.00117237295501482,0.00118403235683082,0.00119569175864681,0.0012595370347978198,0.0013233823109488302,0.00138722758709985,0.00145107286325086,0.00151491813940187,0.00157876341555288,0.0016426086917039,0.00170645396785491,0.00177029924400592,0.0018341445201569399
0.11,294.15,0.000316596060120092,0.00032286249869715203,0.00032912893727421097,0.000335395375851271,0.00034166181442833103,0.00034792825300539,0.00035419469158245,0.000360461130159509,0.000366727568736569,0.000372994007313628,0.000379260445890688,0.00038857410600464103,0.000397887766118594,0.000407201426232547,0.0004165150863465,0.00042582874646045297,0.00043514240657440697,0.00044445606668835994,0.00045376972680231297,0.000463083386916266,0.000472397047030219,0.000481710707144172,0.000491024367258125,0.000500338027372078,0.000509651687486031,0.000518965347599984,0.000528279007713937,0.000537592667827891,0.000546906327941844,0.000556219988055797,0.00056553364816975,0.000574847308283703,0.0005841609683976559,0.0005934746285116089,0.000602788288625562,0.000612101948739515,0.000621415608853469,0.000630729268967422,0.000640042929081375,0.0006493565891953281,0.000658670249309281,0.000667983909423234,0.000677297569537187,0.0006866112296511401,0.000695924889765093,0.000705238549879046,0.000714552209993,0.000723865870106953,0.000733179530220906,0.000742493190334859,0.000751806850448812,0.000763825813328093,0.000775844776207374,0.000787863739086655,0.000799882701965936,0.000811901664845217,0.000823920627724497,0.0008359395906037781,0.000847958553483059,0.0008599775163623401,0.000871996479241621,0.000884015442120902,0.000896034405000183,0.0009080533678794641,0.0009200723307587449,0.000932091293638026,0.000944110256517306,0.000956129219396587,0.000968148182275868,0.000980167145155149,0.00099218610803443,0.00100420507091371,0.0010162240337929901,0.0010282429966722698,0.00104026195955155,0.0010522809224308301,0.00106429988531012,0.0010763188481894,0.00108833781106868,0.00110035677394796,0.0011123757368272401,0.0011243946997065199,0.0011364136625858,0.0011484326254650801,0.00116045158834436,0.00117247055122364,0.00118448951410292,0.00119650847698221,0.00120852743986149,0.0012205464027407699,0.00123256536562005,0.00129837954855901,0.00136419373149797,0.00143000791443692,0.00149582209737588,0.00156163628031484,0.0016274504632538,0.00169326464619276,0.00175907882913172,0.0018248930120706801,0.0018907071950096399
0.12,295.15,0.000326359478330281,0.000332819165870998,0.000339278853411716,0.000345738540952433,0.00035219822849315,0.000358657916033867,0.000365117603574584,0.00037157729111530097,0.000378036978656019,0.000384496666196736,0.000390956353737453,0.000400557235236049,0.000410158116734644,0.00041975899823324,0.00042935987973183597,0.000438960761230431,0.00044856164272902695,0.00045816252422762303,0.000467763405726218,0.00047736428722481395,0.00048696516872341,0.000496566050222006,0.000506166931720601,0.0005157678132191969,0.000525368694717793,0.000534969576216388,0.0005445704577149839,0.00055417133921358,0.000563772220712175,0.000573373102210771,0.000582973983709367,0.000592574865207962,0.000602175746706558,0.000611776628205154,0.000621377509703749,0.0006309783912023451,0.000640579272700941,0.000650180154199536,0.0006597810356981321,0.000669381917196728,0.000678982798695324,0.0006885836801939191,0.000698184561692515,0.000707785443191111,0.000717386324689706,0.0007269872061883019,0.000736588087686898,0.000746188969185493,0.000755789850684089,0.0007653907321826849,0.00077499161368128,0.0007873812260278941,0.000799770838374508,0.000812160450721121,0.0008245500630677349,0.000836939675414349,0.000849329287760962,0.000861718900107576,0.000874108512454189,0.0008864981248008029,0.000898887737147417,0.0009112773494940301,0.000923666961840644,0.000936056574187258,0.0009484461865338711,0.0009608357988804849,0.000973225411227099,0.000985615023573712,0.000998004635920326,0.00101039424826694,0.00102278386061355,0.0010351734729601699,0.0010475630853067801,0.00105995269765339,0.00107234231000001,0.0010847319223466199,0.0010971215346932302,0.00110951114703985,0.0011219007593864599,0.0011342903717330801,0.00114667998407969,0.0011590695964263,0.0011714592087729199,0.0011838488211195302,0.00119623843346614,0.00120862804581276,0.00122101765815937,0.00123340727050598,0.0012457968828526,0.0012581864951992099,0.0012705761075458301,0.00133841991584383,0.00140626372414184,0.00147410753243985,0.00154195134073786,0.0016097951490358698,0.00167763895733388,0.0017454827656318802,0.0018133265739298898,0.0018811703822279,0.0019490141905259102
0.13,296.15,0.000336423987890473,0.000343082883946113,0.000349741780001754,0.000356400676057395,0.000363059572113035,0.00036971846816867597,0.000376377364224317,0.000383036260279958,0.000389695156335598,0.000396354052391239,0.00040301294844687996,0.000412909908870847,0.000422806869294814,0.00043270382971878196,0.000442600790142749,0.00045249775056671604,0.000462394710990684,0.000472291671414651,0.000482188631838618,0.000492085592262586,0.000501982552686553,0.00051187951311052,0.0005217764735344879,0.000531673433958455,0.000541570394382423,0.00055146735480639,0.0005613643152303571,0.000571261275654324,0.000581158236078292,0.000591055196502259,0.000600952156926226,0.000610849117350194,0.0006207460777741611,0.000630643038198128,0.000640539998622096,0.000650436959046063,0.00066033391947003,0.000670230879893998,0.000680127840317965,0.000690024800741932,0.0006999217611659,0.000709818721589867,0.000719715682013834,0.000729612642437802,0.000739509602861769,0.0007494065632857361,0.000759303523709704,0.000769200484133671,0.000779097444557638,0.000788994404981606,0.000798891365405573,0.000811663057575783,0.000824434749745994,0.000837206441916204,0.000849978134086414,0.000862749826256625,0.000875521518426835,0.0008882932105970461,0.0009010649027672561,0.0009138365949374661,0.0009266082871076769,0.0009393799792778869,0.000952151671448097,0.000964923363618308,0.000977695055788518,0.000990466747958729,0.00100323844012894,0.00101601013229915,0.00102878182446936,0.0010415535166395699,0.00105432520880978,0.00106709690097999,0.0010798685931502,0.00109264028532041,0.0011054119774906199,0.00111818366966083,0.00113095536183104,0.00114372705400125,0.00115649874617146,0.0011692704383416699,0.00118204213051188,0.00119481382268209,0.00120758551485231,0.0012203572070225198,0.00123312889919273,0.00124590059136294,0.00125867228353315,0.00127144397570336,0.0012842156678735698,0.00129698736004378,0.00130975905221399,0.00137969507692535,0.00144963110163671,0.00151956712634806,0.0015895031510594199,0.00165943917577078,0.00172937520048214,0.0017993112251935,0.0018692472499048601,0.0019391832746162199,0.0020091192993275803
0.14,297.15,0.000346798874073416,0.00035366312198019704,0.00036052736988697795,0.000367391617793759,0.00037425586570054,0.000381120113607321,0.000387984361514102,0.000394848609420883,0.000401712857327664,0.000408577105234445,0.00041544135314122596,0.00042564352318654,0.00043584569323185297,0.00044604786327716604,0.00045625003332248,0.000466452203367793,0.00047665437341310596,0.00048685654345841903,0.000497058713503733,0.000507260883549046,0.000517463053594359,0.000527665223639673,0.000537867393684986,0.000548069563730299,0.000558271733775613,0.000568473903820926,0.0005786760738662389,0.0005888782439115519,0.0005990804139568661,0.000609282584002179,0.000619484754047492,0.0006296869240928059,0.000639889094138119,0.0006500912641834321,0.000660293434228746,0.000670495604274059,0.0006806977743193719,0.000690899944364685,0.000701102114409999,0.000711304284455312,0.000721506454500626,0.0007317086245459389,0.000741910794591252,0.0007521129646365651,0.000762315134681879,0.000772517304727192,0.000782719474772505,0.0007929216448178191,0.000803123814863132,0.000813325984908445,0.0008235281549537589,0.00083669370980142,0.000849859264649083,0.000863024819496745,0.000876190374344407,0.000889355929192069,0.000902521484039731,0.000915687038887393,0.0009288525937350551,0.000942018148582717,0.0009551837034303789,0.0009683492582780411,0.000981514813125703,0.000994680367973365,0.0010078459228210301,0.00102101147766869,0.00103417703251635,0.00104734258736401,0.00106050814221168,0.00107367369705934,0.001086839251907,0.00110000480675466,0.0011131703616023198,0.0011263359164499901,0.00113950147129765,0.0011526670261453099,0.00116583258099297,0.00117899813584063,0.0011921636906883,0.00120532924553596,0.00121849480038362,0.00123166035523128,0.00124482591007895,0.00125799146492661,0.0012711570197742699,0.0012843225746219302,0.00129748812946959,0.00131065368431726,0.00132381923916492,0.0013369847940125801,0.00135015034886024,0.00142224311126744,0.00149433587367464,0.0015664286360818301,0.0016385213984890302,0.00171061416089623,0.00178270692330343,0.00185479968571063,0.00192689244811782,0.0019989852105250197,0.0020710779729322198
0.15,298.15,0.00035749370849781403,0.00036456964104459704,0.000371645573591379,0.000378721506138161,0.00038579743868494303,0.000392873371231726,0.000399949303778508,0.00040702523632529,0.00041410116887207203,0.000421177101418855,0.000428253033965637,0.000438769825907275,0.000449286617848913,0.00045980340979055,0.000470320201732188,0.00048083699367382595,0.000491353785615464,0.0005018705775571019,0.000512387369498739,0.0005229041614403769,0.000533420953382015,0.000543937745323653,0.000554454537265291,0.000564971329206929,0.000575488121148567,0.000586004913090204,0.000596521705031842,0.00060703849697348,0.000617555288915118,0.000628072080856756,0.000638588872798393,0.000649105664740031,0.000659622456681669,0.000670139248623307,0.000680656040564945,0.000691172832506583,0.00070168962444822,0.000712206416389858,0.000722723208331496,0.000733240000273134,0.000743756792214772,0.00075427358415641,0.000764790376098047,0.000775307168039685,0.000785823959981323,0.000796340751922961,0.000806857543864599,0.000817374335806237,0.000827891127747874,0.000838407919689512,0.00084892471163115,0.000862496275378285,0.000876067839125421,0.0008896394028725561,0.000903210966619691,0.000916782530366826,0.000930354094113962,0.0009439256578610971,0.0009574972216082321,0.000971068785355367,0.000984640349102503,0.000998211912849638,0.00101178347659677,0.00102535504034391,0.0010389266040910401,0.00105249816783818,0.00106606973158531,0.00107964129533245,0.0010932128590795801,0.00110678442282672,0.00112035598657386,0.00113392755032099,0.0011474991140681301,0.00116107067781526,0.0011746422415624,0.00118821380530953,0.00120178536905667,0.0012153569328038,0.0012289284965509401,0.0012425000602980698,0.00125607162404521,0.00126964318779234,0.0012832147515394801,0.00129678631528661,0.00131035787903375,0.00132392944278088,0.00133750100652802,0.00135107257027515,0.00136464413402229,0.0013782156977694198,0.00139178726151656,0.00146610327265605,0.0015404192837955302,0.00161473529493502,0.0016890513060745,0.00176336731721399,0.00183768332835347,0.0019119993394929602,0.00198631535063244,0.00206063136177193,0.00213494737291141
0.16,299.15,0.000368518357958871,0.000375812503229637,0.000383106648500403,0.00039040079377116897,0.000397694939041935,0.000404989084312701,0.000412283229583467,0.000419577374854233,0.000426871520124999,0.000434165665395764,0.00044145981066653,0.00045230092704201297,0.000463142043417495,0.00047398315979297695,0.000484824276168459,0.000495665392543941,0.0005065065089194231,0.000517347625294905,0.000528188741670387,0.0005390298580458691,0.0005498709744213509,0.000560712090796833,0.000571553207172315,0.0005823943235477969,0.000593235439923279,0.000604076556298761,0.000614917672674243,0.000625758789049725,0.000636599905425207,0.000647441021800689,0.000658282138176171,0.0006691232545516531,0.000679964370927135,0.0006908054873026169,0.000701646603678099,0.0007124877200535809,0.000723328836429063,0.000734169952804545,0.0007450110691800269,0.000755852185555509,0.000766693301930991,0.0007775344183064731,0.000788375534681955,0.0007992166510574379,0.00081005776743292,0.0008208988838084019,0.000831740000183884,0.000842581116559366,0.000853422232934848,0.00086426334931033,0.000875104465685812,0.0008890945591284179,0.000903084652571025,0.000917074746013632,0.0009310648394562381,0.000945054932898845,0.000959045026341452,0.000973035119784058,0.000987025213226665,0.00100101530666927,0.00101500540011188,0.00102899549355449,0.00104298558699709,0.0010569756804397,0.00107096577388231,0.0010849558673249099,0.0010989459607675198,0.00111293605421013,0.00112692614765273,0.00114091624109534,0.00115490633453795,0.00116889642798055,0.00118288652142316,0.00119687661486577,0.00121086670830837,0.0012248568017509801,0.00123884689519359,0.00125283698863619,0.0012668270820788,0.00128081717552141,0.00129480726896401,0.00130879736240662,0.00132278745584923,0.00133677754929183,0.00135076764273444,0.00136475773617705,0.00137874782961965,0.0013927379230622599,0.0014067280165048698,0.0014207181099474698,0.00143470820339008,0.0015113160254137301,0.00158792384743739,0.0016645316694610401,0.00174113949148469,0.00181774731350834,0.001894355135532,0.00197096295755565,0.0020475707795793,0.00212417860160296,0.00220078642362661
0.17,300.15,0.00037988299353115097,0.000387402080927657,0.000394921168324163,0.000402440255720669,0.000409959343117175,0.000417478430513681,0.000424997517910187,0.00043251660530669304,0.0004400356927032,0.00044755478009970593,0.00045507386749621203,0.000466249310056925,0.00047742475261763797,0.000488600195178351,0.000499775637739064,0.000510951080299778,0.000522126522860491,0.000533301965421204,0.0005444774079819169,0.0005556528505426299,0.000566828293103344,0.000578003735664057,0.00058917917822477,0.000600354620785483,0.000611530063346196,0.000622705505906909,0.000633880948467622,0.000645056391028336,0.000656231833589049,0.000667407276149762,0.000678582718710475,0.000689758161271188,0.000700933603831901,0.0007121090463926151,0.0007232844889533281,0.0007344599315140411,0.0007456353740747541,0.0007568108166354669,0.0007679862591961799,0.000779161701756894,0.000790337144317607,0.00080151258687832,0.000812688029439033,0.000823863471999746,0.000835038914560459,0.0008462143571211731,0.000857389799681886,0.000868565242242599,0.0008797406848033119,0.000890916127364025,0.0009020915699247381,0.000916513099984175,0.0009309346300436109,0.0009453561601030471,0.000959777690162483,0.0009741992202219199,0.000988620750281356,0.00100304228034079,0.0010174638104002301,0.00103188534045966,0.0010463068705191,0.00106072840057854,0.00107514993063797,0.00108957146069741,0.00110399299075685,0.0011184145208162802,0.00113283605087572,0.00114725758093516,0.0011616791109945901,0.00117610064105403,0.00119052217111346,0.0012049437011729,0.00121936523123234,0.00123378676129177,0.0012482082913512099,0.00126262982141065,0.00127705135147008,0.0012914728815295198,0.00130589441158895,0.00132031594164839,0.00133473747170783,0.00134915900176726,0.0013635805318267,0.00137800206188614,0.0013924235919455699,0.00140684512200501,0.00142126665206444,0.00143568818212388,0.00145010971218332,0.00146453124224275,0.00147895277230219,0.0015579230817311,0.00163689339116002,0.0017158637005889302,0.0017948340100178398,0.00187380431944675,0.0019527746288756699,0.00203174493830458,0.00211071524773349,0.00218968555716241,0.00226865586659132
0.18,301.15,0.000391598099952173,0.000399349066402332,0.00040710003285249197,0.00041485099930265096,0.000422601965752811,0.00043035293220297004,0.00043810389865312995,0.00044585486510328895,0.00045360583155344903,0.000461356798003608,0.000469107764453768,0.00048062784339234003,0.000492147922330912,0.000503668001269484,0.000515188080208056,0.000526708159146628,0.0005382282380852,0.000549748317023772,0.000561268395962344,0.000572788474900916,0.000584308553839488,0.00059582863277806,0.000607348711716632,0.000618868790655205,0.0006303888695937769,0.000641908948532349,0.000653429027470921,0.0006649491064094929,0.0006764691853480651,0.000687989264286637,0.000699509343225209,0.000711029422163781,0.000722549501102353,0.000734069580040925,0.000745589658979497,0.000757109737918069,0.000768629816856641,0.000780149895795213,0.000791669974733786,0.000803190053672358,0.00081471013261093,0.0008262302115495019,0.000837750290488074,0.000849270369426646,0.000860790448365218,0.00087231052730379,0.0008838306062423619,0.000895350685180934,0.000906870764119506,0.0009183908430580779,0.00092991092199665,0.0009447771936272471,0.0009596434652578439,0.000974509736888441,0.000989376008519038,0.00100424228014964,0.0010191085517802301,0.00103397482341083,0.00104884109504143,0.00106370736667202,0.00107857363830262,0.00109343990993322,0.0011083061815638099,0.00112317245319441,0.00113803872482501,0.0011529049964556,0.0011677712680862,0.0011826375397168,0.0011975038113474,0.00121237008297799,0.0012272363546085901,0.00124210262623919,0.00125696889786978,0.0012718351695003801,0.0012867014411309802,0.0013015677127615698,0.0013164339843921699,0.00133130025602277,0.00134616652765336,0.00136103279928396,0.00137589907091456,0.00139076534254516,0.00140563161417575,0.00142049788580635,0.00143536415743695,0.00145023042906754,0.00146509670069814,0.0014799629723287401,0.00149482924395933,0.00150969551558993,0.00152456178722053,0.00160596744014945,0.0016873730930783801,0.0017687787460073,0.00185018439893622,0.00193159005186515,0.00201299570479407,0.0020944013577229898,0.00217580701065192,0.0022572126635808398,0.00233861831650977
0.19,302.15,0.00040367448529537,0.000411664481653095,0.00041965447801082004,0.000427644474368545,0.00043563447072627004,0.00044362446708399403,0.00045161446344171906,0.00045960445979944403,0.00046759445615716905,0.000475584452514894,0.00048357444887261905,0.0004954497923348519,0.000507325135797086,0.000519200479259319,0.000531075822721553,0.000542951166183786,0.0005548265096460201,0.0005667018531082531,0.000578577196570487,0.000590452540032721,0.000602327883494954,0.000614203226957188,0.000626078570419421,0.0006379539138816549,0.0006498292573438879,0.000661704600806122,0.000673579944268355,0.000685455287730589,0.0006973306311928231,0.000709205974655056,0.00072108131811729,0.000732956661579523,0.000744832005041757,0.00075670734850399,0.000768582691966224,0.0007804580354284571,0.0007923333788906911,0.000804208722352924,0.000816084065815158,0.000827959409277392,0.000839834752739625,0.000851710096201859,0.000863585439664092,0.0008754607831263259,0.0008873361265885589,0.000899211470050793,0.000911086813513026,0.00092296215697526,0.000934837500437493,0.000946712843899727,0.0009585881873619609,0.000973912915825851,0.000989237644289741,0.0010045623727536301,0.00101988710121752,0.00103521182968141,0.0010505365581453,0.0010658612866091901,0.00108118601507308,0.0010965107435369698,0.0011118354720008599,0.00112716020046475,0.00114248492892864,0.00115780965739253,0.0011731343858564199,0.00118845911432031,0.0012037838427842,0.00121910857124809,0.0012344332997119801,0.00124975802817587,0.00126508275663976,0.00128040748510365,0.00129573221356755,0.00131105694203144,0.00132638167049533,0.0013417063989592198,0.00135703112742311,0.0013723558558870002,0.00138768058435089,0.00140300531281478,0.00141833004127867,0.00143365476974256,0.00144897949820645,0.00146430422667034,0.0014796289551342301,0.00149495368359812,0.00151027841206201,0.0015256031405259,0.00154092786898979,0.00155625259745368,0.0015715773259175698,0.0016554934252301801,0.00173940952454279,0.0018233256238554102,0.0019072417231680199,0.00199115782248063,0.00207507392179324,0.00215899002110586,0.0022429061204184697,0.00232682221973108,0.00241073831904369
0.2,303.15,0.00041612329094136097,0.00042435968858376604,0.000432596086226171,0.00044083248386857693,0.00044906888151098205,0.000457305279153387,0.00046554167679579197,0.00047377807443819807,0.000482014472080603,0.000490250869723008,0.0004984872673654139,0.0005107288312555559,0.000522970395145698,0.000535211959035841,0.000547453522925983,0.000559695086816125,0.0005719366507062679,0.00058417821459641,0.000596419778486552,0.0006086613423766951,0.000620902906266837,0.000633144470156979,0.000645386034047122,0.000657627597937264,0.000669869161827406,0.000682110725717549,0.000694352289607691,0.000706593853497833,0.000718835417387976,0.000731076981278118,0.00074331854516826,0.000755560109058403,0.000767801672948545,0.000780043236838687,0.00079228480072883,0.000804526364618972,0.0008167679285091139,0.000829009492399257,0.000841251056289399,0.000853492620179542,0.000865734184069684,0.0008779757479598259,0.0008902173118499679,0.0009024588757401109,0.0009147004396302529,0.000926942003520396,0.000939183567410538,0.0009514251313006801,0.000963666695190823,0.0009759082590809651,0.000988149822971107,0.00100394714649159,0.00101974447001208,0.00103554179353257,0.00105133911705305,0.00106713644057354,0.0010829337640940301,0.00109873108761451,0.001114528411135,0.00113032573465548,0.0011461230581759699,0.00116192038169646,0.00117771770521694,0.00119351502873743,0.00120931235225792,0.0012251096757784,0.0012409069992988901,0.00125670432281937,0.00127250164633986,0.00128829896986035,0.00130409629338083,0.00131989361690132,0.00133569094042181,0.00135148826394229,0.00136728558746278,0.00138308291098326,0.00139888023450375,0.0014146775580242401,0.00143047488154472,0.00144627220506521,0.0014620695285857,0.00147786685210618,0.00149366417562667,0.00150946149914715,0.00152525882266764,0.00154105614618813,0.0015568534697086099,0.0015726507932291,0.0015884481167495901,0.00160424544027007,0.00162004276379056,0.0017065467284475698,0.0017930506931045699,0.00187955465776158,0.00196605862241859,0.00205256258707559,0.0021390665517326,0.00222557051638961,0.00231207448104662,0.00239857844570363,0.00248508241036063
0.21,304.15,0.000428956001856713,0.000437446399484771,0.000445936797112829,0.000454427194740887,0.000462917592368945,0.000471407989997003,0.00047989838762506104,0.000488388785253119,0.000496879182881177,0.000505369580509235,0.0005138599781372929,0.000526479056225688,0.000539098134314083,0.0005517172124024781,0.000564336290490873,0.000576955368579268,0.000589574446667663,0.000602193524756058,0.000614812602844454,0.000627431680932849,0.000640050759021244,0.0006526698371096389,0.000665288915198034,0.000677907993286429,0.000690527071374824,0.000703146149463219,0.000715765227551614,0.000728384305640009,0.000741003383728404,0.000753622461816799,0.0007662415399051941,0.000778860617993589,0.000791479696081984,0.000804098774170379,0.000816717852258774,0.00082933693034717,0.000841956008435565,0.00085457508652396,0.000867194164612355,0.00087981324270075,0.0008924323207891449,0.0009050513988775401,0.0009176704769659349,0.0009302895550543301,0.000942908633142725,0.00095552771123112,0.000968146789319515,0.00098076586740791,0.000993384945496305,0.0010060040235847,0.0010186231016731,0.0010349075944782302,0.0010511920872833698,0.00106747658008851,0.00108376107289365,0.0011000455656987802,0.0011163300585039198,0.00113261455130906,0.0011488990441142,0.0011651835369193302,0.0011814680297244698,0.00119775252252961,0.00121403701533475,0.0012303215081398901,0.0012466060009450198,0.00126289049375016,0.0012791749865553,0.0012954594793604401,0.0013117439721655698,0.00132802846497071,0.00134431295777585,0.0013605974505809901,0.00137688194338612,0.00139316643619126,0.0014094509289964,0.0014257354218015401,0.00144201991460668,0.00145830440741181,0.00147458890021695,0.0014908733930220901,0.00150715788582723,0.00152344237863236,0.0015397268714375,0.0015560113642426401,0.00157229585704778,0.00158858034985291,0.00160486484265805,0.0016211493354631901,0.00163743382826833,0.0016537183210734699,0.0016700028138786,0.0017591744503426,0.0018483460868065898,0.0019375177232705898,0.00202668935973458,0.00211586099619858,0.00220503263266257,0.0022942042691265698,0.00238337590559057,0.00247254754205456,0.0025617191785185602
0.22,305.15,0.000442184457189698,0.000450936687838616,0.000459688918487533,0.00046844114913645096,0.00047719337978536906,0.000485945610434286,0.0004946978410832041,0.000503450071732122,0.00051220230238104,0.000520954533029957,0.000529706763678875,0.000542714998021322,0.00055572323236377,0.000568731466706217,0.000581739701048664,0.000594747935391111,0.000607756169733559,0.0006207644040760059,0.000633772638418453,0.000646780872760901,0.000659789107103348,0.000672797341445795,0.000685805575788242,0.00069881381013069,0.0007118220444731371,0.000724830278815584,0.000737838513158032,0.000750846747500479,0.000763854981842926,0.000776863216185373,0.000789871450527821,0.000802879684870268,0.000815887919212715,0.000828896153555163,0.00084190438789761,0.000854912622240057,0.000867920856582505,0.0008809290909249519,0.000893937325267399,0.0009069455596098471,0.0009199537939522939,0.000932962028294741,0.0009459702626371881,0.0009589784969796359,0.000971986731322083,0.00098499496566453,0.000998003200006978,0.00101101143434942,0.0010240196686918698,0.0010370279030343199,0.00105003613737677,0.00106682282314519,0.00108360950891362,0.00110039619468205,0.00111718288045047,0.0011339695662189,0.00115075625198733,0.00116754293775575,0.00118432962352418,0.0012011163092926099,0.00121790299506103,0.00123468968082946,0.0012514763665978901,0.00126826305236632,0.00128504973813474,0.00130183642390317,0.0013186231096716,0.00133540979544002,0.00135219648120845,0.00136898316697688,0.0013857698527453,0.00140255653851373,0.00141934322428216,0.00143612991005058,0.0014529165958190099,0.00146970328158744,0.00148648996735586,0.0015032766531242901,0.00152006333889272,0.00153685002466114,0.00155363671042957,0.0015704233961979998,0.00158721008196642,0.00160399676773485,0.00162078345350328,0.00163757013927171,0.00165435682504013,0.0016711435108085599,0.00168793019657699,0.00170471688234541,0.0017215035681138401,0.00181342514397681,0.00190534671983978,0.00199726829570275,0.0020891898715657197,0.0021811114474287,0.00227303302329167,0.00236495459915464,0.00245687617501761,0.00254879775088058,0.00264071932674355
0.23,306.15,0.000455820861192801,0.00046484299945858895,0.00047386513772437695,0.000482887275990164,0.0004919094142559519,0.000500931552521739,0.000509953690787527,0.000518975829053315,0.000527997967319102,0.00053702010558489,0.0005460422438506769,0.0005594516355291111,0.0005728610272075441,0.000586270418885977,0.000599679810564411,0.000613089202242844,0.000626498593921278,0.000639907985599711,0.000653317377278144,0.0006667267689565781,0.0006801361606350111,0.0006935455523134441,0.000706954943991878,0.000720364335670311,0.000733773727348744,0.000747183119027178,0.0007605925107056111,0.0007740019023840441,0.000787411294062478,0.000800820685740911,0.000814230077419344,0.000827639469097778,0.000841048860776211,0.000854458252454644,0.0008678676441330781,0.000881277035811511,0.000894686427489944,0.0009080958191683779,0.0009215052108468109,0.0009349146025252439,0.000948323994203678,0.000961733385882111,0.000975142777560544,0.0009885521692389778,0.00100196156091741,0.0010153709525958401,0.00102878034427428,0.00104218973595271,0.00105559912763114,0.0010690085193095801,0.0010824179109880099,0.0010997222767094301,0.00111702664243085,0.00113433100815227,0.00115163537387368,0.0011689397395951,0.00118624410531652,0.00120354847103794,0.0012208528367593599,0.00123815720248077,0.00125546156820219,0.00127276593392361,0.00129007029964503,0.00130737466536645,0.00132467903108786,0.00134198339680928,0.0013592877625307,0.00137659212825212,0.00139389649397354,0.00141120085969495,0.0014285052254163699,0.0014458095911377901,0.00146311395685921,0.00148041832258063,0.00149772268830204,0.00151502705402346,0.00153233141974488,0.0015496357854663,0.0015669401511877199,0.0015842445169091301,0.00160154888263055,0.00161885324835197,0.00163615761407339,0.00165346197979481,0.00167076634551622,0.00168807071123764,0.0017053750769590599,0.0017226794426804801,0.0017399838084019,0.00175728817412331,0.00177459253984473,0.00186934885972615,0.00196410517960757,0.00205886149948899,0.00215361781937041,0.00224837413925183,0.00234313045913325,0.00243788677901467,0.00253264309889609,0.00262739941877751,0.00272215573865893
0.24,307.15,0.000469877794482071,0.00047917816397096904,0.000488478533459866,0.000497778902948764,0.000507079272437662,0.000516379641926559,0.0005256800114154571,0.0005349803809043549,0.0005442807503932519,0.00055358111988215,0.0005628814893710469,0.000576704409565442,0.000590527329759838,0.000604350249954232,0.000618173170148628,0.0006319960903430219,0.000645819010537418,0.000659641930731813,0.000673464850926207,0.000687287771120603,0.000701110691314997,0.000714933611509392,0.000728756531703787,0.000742579451898182,0.000756402372092577,0.000770225292286972,0.000784048212481367,0.000797871132675762,0.000811694052870158,0.000825516973064552,0.000839339893258947,0.000853162813453342,0.000866985733647738,0.000880808653842132,0.000894631574036527,0.0009084544942309221,0.000922277414425317,0.0009361003346197119,0.0009499232548141071,0.000963746175008502,0.000977569095202898,0.000991392015397292,0.00100521493559169,0.00101903785578608,0.00103286077598048,0.00104668369617487,0.00106050661636927,0.00107432953656366,0.00108815245675806,0.00110197537695245,0.00111579829714685,0.00113363630740994,0.00115147431767304,0.00116931232793614,0.00118715033819924,0.00120498834846233,0.00122282635872543,0.00124066436898853,0.00125850237925163,0.00127634038951472,0.00129417839977782,0.0013120164100409199,0.00132985442030402,0.00134769243056711,0.00136553044083021,0.00138336845109331,0.0014012064613564,0.0014190444716195,0.0014368824818826,0.0014547204921457,0.00147255850240879,0.0014903965126718901,0.00150823452293499,0.0015260725331980901,0.00154391054346118,0.0015617485537242801,0.00157958656398738,0.0015974245742504801,0.0016152625845135698,0.00163310059477667,0.0016509386050397698,0.00166877661530287,0.00168661462556596,0.00170445263582906,0.00172229064609216,0.00174012865635525,0.00175796666661835,0.00177580467688145,0.00179364268714455,0.0018114806974076397,0.0018293187076707398,0.00192699719145625,0.00202467567524177,0.00212235415902728,0.00222003264281279,0.0023177111265983,0.0024153896103838103,0.00251306809416933,0.00261074657795484,0.00270842506174035,0.00280610354552586
0.25,308.15,0.00048436822564368895,0.0004939554066513241,0.000503542587658959,0.000513129768666595,0.00052271694967423,0.000532304130681865,0.0005418913116895,0.000551478492697136,0.000561065673704771,0.0005706528547124059,0.000580240035720042,0.000594489237121767,0.000608738438523492,0.000622987639925217,0.000637236841326942,0.000651486042728667,0.000665735244130392,0.000679984445532117,0.0006942336469338419,0.000708482848335567,0.000722732049737292,0.0007369812511390179,0.0007512304525407429,0.000765479653942468,0.000779728855344193,0.000793978056745918,0.0008082272581476429,0.000822476459549368,0.000836725660951093,0.000850974862352818,0.0008652240637545429,0.000879473265156268,0.000893722466557994,0.0009079716679597189,0.0009222208693614439,0.000936470070763169,0.000950719272164894,0.0009649684735666189,0.000979217674968344,0.0009934668763700689,0.00100771607777179,0.00102196527917352,0.0010362144805752401,0.0010504636819769699,0.00106471288337869,0.0010789620847804198,0.00109321128618214,0.00110746048758387,0.0011217096889856,0.00113595889038732,0.00115020809178905,0.00116859620351004,0.0011869843152310302,0.00120537242695203,0.00122376053867302,0.00124214865039401,0.00126053676211501,0.001278924873836,0.00129731298555699,0.00131570109727799,0.0013340892089989801,0.0013524773207199698,0.00137086543244097,0.0013892535441619599,0.00140764165588296,0.00142602976760395,0.00144441787932494,0.00146280599104594,0.00148119410276693,0.00149958221448792,0.00151797032620892,0.00153635843792991,0.0015547465496509,0.0015731346613719,0.00159152277309289,0.0016099108848138801,0.00162829899653488,0.00164668710825587,0.0016650752199768599,0.00168346333169786,0.00170185144341885,0.00172023955513985,0.00173862766686084,0.00175701577858183,0.00177540389030283,0.00179379200202382,0.00181218011374481,0.0018305682254658102,0.0018489563371868,0.0018673444489077898,0.00188573256062879,0.00198642332412168,0.0020871140876145603,0.00218780485110745,0.00228849561460034,0.00238918637809323,0.0024898771415861197,0.0025905679050790102,0.0026912586685719,0.00279194943206479,0.00289264019555768
0.26,309.15,0.000499305523198474,0.000509188360625835,0.000519071198053196,0.000528954035480556,0.000538836872907917,0.000548719710335278,0.000558602547762639,0.0005684853851900001,0.0005783682226173611,0.000588251060044721,0.000598133897472082,0.000612822526049223,0.000627511154626363,0.000642199783203504,0.0006568884117806451,0.000671577040357785,0.0006862656689349259,0.000700954297512066,0.000715642926089207,0.0007303315546663481,0.000745020183243488,0.0007597088118206291,0.000774397440397769,0.0007890860689749099,0.000803774697552051,0.000818463326129191,0.0008331519547063321,0.000847840583283472,0.0008625292118606129,0.000877217840437754,0.0008919064690148939,0.000906595097592035,0.000921283726169176,0.0009359723547463161,0.000950660983323457,0.000965349611900597,0.0009800382404777381,0.000994726869054878,0.0010094154976320198,0.00102410412620916,0.0010387927547863,0.00105348138336344,0.00106817001194058,0.00108285864051772,0.00109754726909486,0.001112235897672,0.00112692452624914,0.0011416131548262801,0.00115630178340343,0.00117099041198057,0.00118567904055771,0.00120463421816309,0.00122358939576848,0.00124254457337387,0.00126149975097926,0.00128045492858465,0.00129941010619003,0.0013183652837954198,0.00133732046140081,0.0013562756390062,0.00137523081661158,0.0013941859942169699,0.0014131411718223599,0.00143209634942775,0.00145105152703314,0.0014700067046385199,0.0014889618822439099,0.0015079170598493,0.00152687223745469,0.00154582741506007,0.00156478259266546,0.00158373777027085,0.0016026929478762401,0.0016216481254816301,0.00164060330308701,0.0016595584806924,0.00167851365829779,0.0016974688359031802,0.00171642401350857,0.00173537919111395,0.00175433436871934,0.00177328954632473,0.00179224472393012,0.0018111999015355,0.0018301550791408898,0.00184911025674628,0.00186806543435167,0.0018870206119570602,0.0019059757895624398,0.00192493096716783,0.00194388614477322,0.0020476820828330697,0.0021514780208929103,0.00225527395895276,0.00235906989701261,0.0024628658350724602,0.0025666617731323,0.00267045771119215,0.0027742536492520006,0.00287804958731185,0.00298184552537169
0.27,310.15,0.000514703467935356,0.000524891079448882,0.000535078690962408,0.000545266302475935,0.0005554539139894611,0.000565641525502987,0.000575829137016513,0.0005860167485300389,0.0005962043600435651,0.000606391971557091,0.000616579583070617,0.0006317211901961281,0.000646862797321638,0.0006620044044471481,0.000677146011572658,0.0006922876186981691,0.000707429225823679,0.000722570832949189,0.000737712440074699,0.00075285404720021,0.0007679956543257201,0.00078313726145123,0.0007982788685767401,0.000813420475702251,0.0008285620828277611,0.000843703689953271,0.000858845297078782,0.0008739869042042919,0.000889128511329802,0.000904270118455312,0.000919411725580823,0.000934553332706333,0.0009496949398318429,0.0009648365469573539,0.0009799781540828641,0.000995119761208374,0.00101026136833388,0.00102540297545939,0.0010405445825849,0.00105568618971042,0.00107082779683593,0.00108596940396144,0.00110111101108695,0.00111625261821246,0.0011313942253379698,0.00114653583246348,0.00116167743958899,0.0011768190467145,0.00119196065384001,0.0012071022609655199,0.00122224386809103,0.00124178359916856,0.00126132333024609,0.00128086306132362,0.00130040279240115,0.00131994252347868,0.00133948225455621,0.00135902198563374,0.00137856171671127,0.0013981014477888,0.00141764117886633,0.00143718090994386,0.00145672064102139,0.0014762603720989199,0.00149580010317645,0.00151533983425398,0.00153487956533151,0.0015544192964090401,0.0015739590274865699,0.0015934987585641,0.00161303848964163,0.00163257822071916,0.0016521179517966901,0.0016716576828742198,0.00169119741395175,0.00171073714502928,0.00173027687610681,0.00174981660718434,0.0017693563382618698,0.0017888960693394,0.0018084358004169302,0.0018279755314944601,0.0018475152625719899,0.00186705499364953,0.0018865947247270602,0.00190613445580459,0.0019256741868821199,0.00194521391795965,0.00196475364903718,0.0019842933801147104,0.00200383311119224,0.0021108299834374697,0.0022178268556827,0.00232482372792794,0.0024318206001731697,0.00253881747241841,0.00264581434466364,0.00275281121690888,0.00285980808915411,0.00296680496139934,0.00307380183364458
0.28,311.15,0.000530576265625199,0.00054107805006852,0.000551579834511841,0.0005620816189551621,0.000572583403398483,0.000583085187841804,0.000593586972285125,0.000604088756728447,0.0006145905411717679,0.000625092325615089,0.0006355941100584099,0.000651202665012281,0.000666811219966152,0.0006824197749200241,0.000698028329873895,0.000713636884827766,0.000729245439781638,0.000744853994735509,0.00076046254968938,0.000776071104643252,0.000791679659597123,0.000807288214550994,0.000822896769504865,0.000838505324458737,0.000854113879412608,0.0008697224343664791,0.00088533098932035,0.0009009395442742221,0.000916548099228093,0.0009321566541819641,0.000947765209135836,0.000963373764089707,0.000978982319043578,0.00099459087399745,0.00101019942895132,0.00102580798390519,0.0010414165388590599,0.0010570250938129301,0.00107263364876681,0.00108824220372068,0.00110385075867455,0.0011194593136284198,0.00113506786858229,0.00115067642353616,0.0011662849784900302,0.00118189353344391,0.00119750208839778,0.00121311064335165,0.0012287191983055199,0.0012443277532593901,0.00125993630821326,0.00128007861964556,0.00130022093107785,0.00132036324251015,0.00134050555394244,0.00136064786537474,0.00138079017680704,0.0014009324882393302,0.0014210747996716302,0.00144121711110392,0.00146135942253622,0.00148150173396852,0.00150164404540081,0.00152178635683311,0.0015419286682654,0.0015620709796977,0.00158221329112999,0.00160235560256229,0.00162249791399459,0.0016426402254268802,0.0016627825368591802,0.00168292484829147,0.00170306715972377,0.00172320947115606,0.00174335178258836,0.0017634940940206602,0.00178363640545295,0.00180377871688525,0.0018239210283175398,0.0018440633397498398,0.0018642056511821397,0.00188434796261443,0.00190449027404673,0.00192463258547902,0.00194477489691132,0.00196491720834361,0.00198505951977591,0.00200520183120821,0.0020253441426405,0.0020454864540728,0.0020656287655050898,0.00217592528465849,0.00228622180381189,0.0023965183229652898,0.00250681484211869,0.00261711136127209,0.0027274078804254897,0.00283770439957889,0.00294800091873229,0.00305829743788568,0.0031685939570390803
0.29,312.15,0.0005469385601266969,0.000557764206191779,0.00056858985225686,0.000579415498321941,0.0005902411443870231,0.000601066790452104,0.000611892436517185,0.000622718082582267,0.000633543728647348,0.00064436937471243,0.000655195020777511,0.000671284923634491,0.000687374826491471,0.000703464729348452,0.0007195546322054321,0.000735644535062412,0.000751734437919392,0.000767824340776373,0.000783914243633353,0.000800004146490333,0.000816094049347313,0.000832183952204293,0.000848273855061274,0.000864363757918254,0.000880453660775234,0.0008965435636322141,0.000912633466489195,0.000928723369346175,0.0009448132722031551,0.0009609031750601349,0.0009769930779171161,0.000993082980774096,0.00100917288363108,0.0010252627864880599,0.00104135268934504,0.0010574425922020199,0.001073532495059,0.00108962239791598,0.00110571230077296,0.00112180220362994,0.00113789210648692,0.0011539820093439,0.0011700719122008801,0.00118616181505786,0.00120225171791484,0.00121834162077182,0.0012344315236288,0.0012505214264857802,0.00126661132934276,0.0012827012321997401,0.00129879113505672,0.00131955460965245,0.00134031808424817,0.00136108155884389,0.0013818450334396198,0.00140260850803534,0.00142337198263107,0.00144413545722679,0.0014648989318225198,0.00148566240641824,0.00150642588101397,0.0015271893556096901,0.0015479528302054198,0.00156871630480114,0.00158947977939687,0.0016102432539925901,0.0016310067285883198,0.00165177020318404,0.00167253367777977,0.0016932971523754901,0.0017140606269712198,0.00173482410156694,0.00175558757616267,0.00177635105075839,0.0017971145253541198,0.0018178779999498398,0.00183864147454557,0.00185940494914129,0.0018801684237370199,0.0019009318983327398,0.00192169537292847,0.00194245884752419,0.00196322232211992,0.00198398579671564,0.0020047492713113698,0.0020255127459070897,0.00204627622050282,0.00206703969509854,0.00208780316969426,0.00210856664428999,0.0021293301188857103,0.0022430280418443698,0.00235672596480303,0.00247042388776169,0.00258412181072035,0.00269781973367901,0.00281151765663767,0.0029252155795963302,0.00303891350255498,0.00315261142551364,0.0032663093484723
0.3,313.15,0.00056380544689645,0.0005749649420621451,0.00058612443722784,0.000597283932393535,0.000608443427559229,0.000619602922724924,0.000630762417890619,0.000641921913056314,0.000653081408222009,0.000664240903387704,0.000675400398553399,0.0006919864934681531,0.000708572588382907,0.0007251586832976599,0.000741744778212414,0.000758330873127168,0.000774916968041922,0.0007915030629566759,0.00080808915787143,0.000824675252786184,0.000841261347700937,0.000857847442615691,0.000874433537530445,0.000891019632445199,0.0009076057273599529,0.0009241918222747071,0.00094077791718946,0.000957364012104214,0.0009739501070189679,0.000990536201933722,0.00100712229684848,0.00102370839176323,0.00104029448667798,0.00105688058159274,0.0010734666765074901,0.00109005277142225,0.001106638866337,0.00112322496125175,0.00113981105616651,0.00115639715108126,0.0011729832459960099,0.00118956934091077,0.00120615543582552,0.0012227415307402801,0.00123932762565503,0.00125591372056978,0.00127249981548454,0.00128908591039929,0.00130567200531405,0.0013222581002288,0.00133884419514355,0.00136024798878146,0.00138165178241937,0.0014030555760572699,0.0014244593696951802,0.00144586316333309,0.0014672669569709901,0.0014886707506089,0.0015100745442468099,0.00153147833788471,0.0015528821315226198,0.0015742859251605301,0.00159568971879844,0.0016170935124363401,0.00163849730607425,0.00165990109971216,0.00168130489335006,0.00170270868698797,0.00172411248062588,0.00174551627426378,0.0017669200679016899,0.0017883238615396,0.0018097276551775,0.0018311314488154101,0.00185253524245332,0.0018739390360912199,0.0018953428297291302,0.0019167466233670398,0.00193815041700495,0.00195955421064285,0.0019809580042807603,0.0020023617979186698,0.00202376559155657,0.00204516938519448,0.00206657317883239,0.0020879769724702897,0.0021093807661082,0.0021307845597461103,0.00215218835338401,0.00217359214702192,0.00219499594065983,0.00231220016237361,0.00242940438408739,0.0025466086058011698,0.00266381282751494,0.00278101704922872,0.0028982212709425,0.00301542549265628,0.00313262971437006,0.00324983393608384,0.0033670381577976197
0.31,314.15,0.000581192486915661,0.0005926961266619161,0.000604199766408172,0.000615703406154428,0.000627207045900684,0.000638710685646939,0.000650214325393195,0.0006617179651394509,0.0006732216048857071,0.000684725244631963,0.0006962288843782179,0.0007133264732801849,0.000730424062182151,0.000747521651084118,0.000764619239986084,0.000781716828888051,0.000798814417790017,0.000815912006691984,0.00083300959559395,0.000850107184495917,0.000867204773397883,0.000884302362299849,0.000901399951201816,0.000918497540103782,0.000935595129005749,0.000952692717907715,0.000969790306809682,0.000986887895711648,0.0010039854846136099,0.00102108307351558,0.00103818066241755,0.00105527825131951,0.00107237584022148,0.00108947342912345,0.00110657101802541,0.00112366860692738,0.00114076619582935,0.00115786378473131,0.00117496137363328,0.00119205896253525,0.00120915655143721,0.0012262541403391801,0.00124335172924115,0.00126044931814311,0.0012775469070450802,0.0012946444959470401,0.00131174208484901,0.00132883967375098,0.00134593726265294,0.0013630348515549099,0.00138013244045688,0.0014021962997585599,0.0014242601590602401,0.00144632401836192,0.0014683878776636,0.00149045173696528,0.00151251559626696,0.00153457945556864,0.00155664331487033,0.0015787071741720099,0.0016007710334736901,0.00162283489277537,0.00164489875207705,0.00166696261137873,0.00168902647068041,0.00171109032998209,0.0017331541892837699,0.00175521804858545,0.00177728190788714,0.00179934576718882,0.0018214096264905,0.0018434734857921801,0.0018655373450938602,0.0018876012043955398,0.0019096650636972199,0.0019317289229989,0.00195379278230058,0.00197585664160227,0.00199792050090395,0.00201998436020563,0.00204204821950731,0.00206411207880899,0.00208617593811067,0.00210823979741235,0.00213030365671403,0.0021523675160157103,0.0021744313753173897,0.00219649523461908,0.00221855909392076,0.00224062295322244,0.00226268681252412,0.00238350546276919,0.00250432411301425,0.00262514276325932,0.00274596141350439,0.00286678006374945,0.00298759871399452,0.00310841736423959,0.0032292360144846603,0.00335005466472972,0.00347087331497479
0.32,315.15,0.0005991157210463219,0.00061097411835254,0.000622832515658759,0.0006346909129649781,0.000646549310271196,0.000658407707577415,0.000670266104883633,0.000682124502189852,0.000693982899496071,0.0007058412968022889,0.000717699694108508,0.0007353245508190901,0.0007529494075296719,0.000770574264240253,0.0007881991209508349,0.000805823977661417,0.0008234488343719991,0.0008410736910825809,0.000858698547793162,0.000876323404503744,0.000893948261214326,0.0009115731179249081,0.00092919797463549,0.0009468228313460721,0.0009644476880566539,0.0009820725447672349,0.000999697401477817,0.0010173222581884,0.0010349471148989801,0.00105257197160956,0.00107019682832014,0.0010878216850307302,0.00110544654174131,0.00112307139845189,0.00114069625516247,0.00115832111187305,0.00117594596858364,0.0011935708252942198,0.0012111956820048,0.00122882053871538,0.0012464453954259599,0.0012640702521365401,0.00128169510884713,0.00129931996555771,0.0013169448222682901,0.00133456967897887,0.00135219453568945,0.00136981939240004,0.00138744424911062,0.0014050691058212,0.00142269396253178,0.00144543824307942,0.00146818252362706,0.00149092680417471,0.00151367108472235,0.00153641536526999,0.0015591596458176301,0.0015819039263652698,0.00160464820691291,0.00162739248746055,0.0016501367680082,0.00167288104855584,0.00169562532910348,0.00171836960965112,0.00174111389019876,0.0017638581707464,0.00178660245129405,0.0018093467318416898,0.0018320910123893301,0.00185483529293697,0.0018775795734846102,0.00190032385403225,0.0019230681345798898,0.0019458124151275399,0.00196855669567518,0.00199130097622282,0.0020140452567704603,0.0020367895373181,0.0020595338178657397,0.00208227809841338,0.00210502237896103,0.00212776665950867,0.00215051094005631,0.00217325522060395,0.00219599950115159,0.00221874378169923,0.00224148806224687,0.00226423234279452,0.00228697662334216,0.0023097209038898,0.00233246518443744,0.00245700972757418,0.00258155427071092,0.0027060988138476604,0.0028306433569844,0.0029551879001211397,0.00307973244325788,0.00320427698639462,0.00332882152953136,0.0034533660726681,0.00357791061580484
0.33,316.15,0.000617591684830126,0.000629815779966442,0.000642039875102758,0.0006542639702390731,0.0006664880653753889,0.000678712160511705,0.0006909362556480201,0.000703160350784336,0.000715384445920652,0.000727608541056967,0.000739832636193283,0.000758001020978392,0.000776169405763502,0.000794337790548611,0.00081250617533372,0.00083067456011883,0.000848842944903939,0.0008670113296890481,0.0008851797144741571,0.000903348099259267,0.000921516484044376,0.000939684868829485,0.000957853253614595,0.0009760216383997039,0.0009941900231848141,0.0010123584079699199,0.0010305267927550302,0.00104869517754014,0.00106686356232525,0.00108503194711036,0.00110320033189547,0.00112136871668058,0.00113953710146569,0.0011577054862508,0.0011758738710359099,0.00119404225582102,0.00121221064060613,0.0012303790253912301,0.00124854741017634,0.00126671579496145,0.00128488417974656,0.00130305256453167,0.00132122094931678,0.00133938933410189,0.0013575577188870002,0.00137572610367211,0.0013938944884572199,0.0014120628732423302,0.00143023125802744,0.00144839964281255,0.00146656802759766,0.00149001371271361,0.00151345939782955,0.0015369050829455,0.00156035076806145,0.0015837964531774,0.00160724213829335,0.0016306878234093,0.00165413350852525,0.0016775791936412,0.00170102487875715,0.0017244705638731,0.00174791624898905,0.001771361934105,0.00179480761922095,0.0018182533043369,0.0018416989894528399,0.00186514467456879,0.0018885903596847398,0.0019120360448006898,0.00193548172991664,0.00195892741503259,0.00198237310014854,0.0020058187852644896,0.0020292644703804397,0.0020527101554963898,0.00207615584061234,0.00209960152572829,0.00212304721084424,0.00214649289596019,0.00216993858107614,0.00219338426619208,0.00221682995130803,0.0022402756364239803,0.00226372132153993,0.00228716700665588,0.00231061269177183,0.00233405837688778,0.00235750406200373,0.00238094974711968,0.0024043954322356302,0.00253278077004296,0.0026611661078503,0.00278955144565764,0.00291793678346497,0.00304632212127231,0.00317470745907964,0.00330309279688698,0.00343147813469432,0.00355986347250165,0.00368824881030899
0.34,317.15,0.000636637423743758,0.000649238494364265,0.000661839564984773,0.00067444063560528,0.000687041706225788,0.000699642776846295,0.000712243847466803,0.0007248449180873099,0.000737445988707817,0.000750047059328325,0.0007626481299488321,0.000781376804520218,0.000800105479091604,0.00081883415366299,0.000837562828234375,0.000856291502805761,0.0008750201773771469,0.000893748851948533,0.000912477526519919,0.0009312062010913039,0.0009499348756626901,0.000968663550234076,0.000987392224805462,0.00100612089937685,0.00102484957394823,0.00104357824851962,0.001062306923091,0.00108103559766239,0.00109976427223378,0.00111849294680516,0.00113722162137655,0.00115595029594793,0.0011746789705193198,0.0011934076450907099,0.0012121363196620901,0.0012308649942334802,0.00124959366880486,0.00126832234337625,0.0012870510179476301,0.00130577969251902,0.00132450836709041,0.00134323704166179,0.00136196571623318,0.00138069439080456,0.00139942306537595,0.00141815173994733,0.0014368804145187199,0.00145560908909011,0.00147433776366149,0.00149306643823288,0.0015117951128042599,0.0015359638329097301,0.0015601325530152,0.0015843012731206801,0.00160846999322615,0.00163263871333162,0.00165680743343709,0.00168097615354256,0.00170514487364803,0.0017293135937535,0.0017534823138589698,0.0017776510339644399,0.00180181975406991,0.0018259884741753801,0.00185015719428085,0.00187432591438632,0.0018984946344917898,0.0019226633545972602,0.00194683207470273,0.0019710007948082,0.00199516951491368,0.00201933823501915,0.00204350695512462,0.00206767567523009,0.00209184439533556,0.00211601311544103,0.0021401818355465,0.00216435055565197,0.0021885192757574398,0.00221268799586291,0.0022368567159683802,0.00226102543607385,0.00228519415617932,0.0023093628762847897,0.0023335315963902603,0.00235770031649573,0.0023818690366012,0.00240603775670668,0.00243020647681215,0.0024543751969176198,0.00247854391702309,0.0026108884947040802,0.00274323307238507,0.0028755776500660603,0.00300792222774705,0.00314026680542804,0.00327261138310903,0.00340495596079002,0.00353730053847101,0.0036696451161519995,0.0038019896938329897
0.35,318.15,0.000656270508924634,0.0006692601804718791,0.000682249852019124,0.000695239523566369,0.000708229195113614,0.000721218866660859,0.000734208538208104,0.0007471982097553491,0.000760187881302594,0.0007731775528498389,0.000786167224397084,0.0008054734673762809,0.000824779710355479,0.000844085953334676,0.0008633921963138741,0.0008826984392930711,0.000902004682272268,0.000921310925251465,0.000940617168230663,0.00095992341120986,0.000979229654189057,0.000998535897168255,0.00101784214014745,0.00103714838312665,0.00105645462610585,0.00107576086908504,0.00109506711206424,0.00111437335504344,0.00113367959802264,0.00115298584100183,0.0011722920839810302,0.00119159832696023,0.0012109045699394301,0.0012302108129186198,0.00124951705589782,0.00126882329887702,0.00128812954185621,0.00130743578483541,0.0013267420278146099,0.00134604827079381,0.0013653545137729999,0.0013846607567522,0.0014039669997314,0.0014232732427106,0.00144257948568979,0.00146188572866899,0.00148119197164819,0.0015004982146273901,0.00151980445760658,0.0015391107005857801,0.00155841694356498,0.00158333099613575,0.00160824504870653,0.0016331591012773,0.0016580731538480698,0.00168298720641885,0.0017079012589896198,0.0017328153115604,0.0017577293641311699,0.0017826434167019399,0.0018075574692727199,0.0018324715218434899,0.0018573855744142699,0.0018822996269850399,0.0019072136795558199,0.0019321277321265899,0.00195704178469736,0.00198195583726814,0.00200686988983891,0.00203178394240969,0.00205669799498046,0.00208161204755123,0.00210652610012201,0.00213144015269278,0.00215635420526356,0.00218126825783433,0.00220618231040511,0.00223109636297588,0.00225601041554665,0.00228092446811743,0.0023058385206882,0.00233075257325898,0.00235566662582975,0.00238058067840052,0.0024054947309713,0.00243040878354207,0.00245532283611285,0.00248023688868362,0.0025051509412544,0.00253006499382517,0.00255497904639594,0.00269140496185246,0.0028278308773089698,0.0029642567927654897,0.0031006827082219997,0.00323710862367852,0.00337353453913503,0.00350996045459155,0.00364638637004806,0.0037828122855045796,0.00391923820096109
0.36,319.15,0.000676509053381612,0.000689899309811944,0.000703289566242275,0.0007166798226726059,0.000730070079102937,0.000743460335533268,0.000756850591963599,0.000770240848393931,0.000783631104824262,0.0007970213612545929,0.0008104116176849241,0.000830313240544092,0.00085021486340326,0.0008701164862624269,0.0008900181091215949,0.0009099197319807631,0.000929821354839931,0.000949722977699099,0.000969624600558266,0.000989526223417434,0.0010094278462766,0.00102932946913577,0.00104923109199494,0.00106913271485411,0.00108903433771327,0.00110893596057244,0.00112883758343161,0.00114873920629078,0.00116864082914994,0.00118854245200911,0.0012084440748682801,0.00122834569772745,0.0012482473205866198,0.00126814894344578,0.00128805056630495,0.00130795218916412,0.0013278538120232901,0.00134775543488245,0.0013676570577416198,0.00138755868060079,0.00140746030345996,0.0014273619263191302,0.00144726354917829,0.0014671651720374599,0.00148706679489663,0.0015069684177558,0.00152687004061496,0.00154677166347413,0.0015666732863333,0.00158657490919247,0.00160647653205164,0.00163215890218918,0.00165784127232672,0.0016835236424642599,0.0017092060126018,0.00173488838273934,0.0017605707528768801,0.0017862531230144198,0.0018119354931519602,0.0018376178632895,0.0018633002334270399,0.00188898260356458,0.00191466497370212,0.0019403473438396601,0.0019660297139772,0.00199171208411474,0.00201739445425228,0.00204307682438982,0.00206875919452735,0.0020944415646648898,0.00212012393480243,0.00214580630493997,0.00217148867507751,0.00219717104521505,0.00222285341535259,0.0022485357854901303,0.0022742181556276698,0.00229990052576521,0.00232558289590275,0.00235126526604029,0.00237694763617783,0.00240263000631537,0.0024283123764529103,0.00245399474659045,0.0024796771167279897,0.00250535948686553,0.00253104185700307,0.00255672422714061,0.00258240659727815,0.00260808896741569,0.00263377133755323,0.00277440445403052,0.0029150375705078104,0.0030556706869851,0.00319630380346238,0.00333693691993967,0.0034775700364169603,0.00361820315289425,0.0037588362693715296,0.0038994693858488204,0.00404010250232611
0.37,320.15,0.000697371728705614,0.000711174923545291,0.000724978118384967,0.000738781313224644,0.00075258450806432,0.0007663877029039969,0.0007801908977436731,0.00079399409258335,0.000807797287423026,0.000821600482262703,0.000835403677102379,0.000855919040596733,0.000876434404091087,0.000896949767585441,0.0009174651310797949,0.000937980494574149,0.0009584958580685029,0.000979011221562856,0.0009995265850572099,0.00102004194855156,0.0010405573120459198,0.00106107267554027,0.00108158803903463,0.00110210340252898,0.00112261876602333,0.00114313412951769,0.00116364949301204,0.0011841648565064,0.00120468022000075,0.0012251955834951,0.0012457109469894599,0.00126622631048381,0.00128674167397816,0.00130725703747252,0.00132777240096687,0.00134828776446123,0.00136880312795558,0.00138931849144993,0.00140983385494429,0.00143034921843864,0.0014508645819329997,0.00147137994542735,0.0014918953089217,0.00151241067241606,0.00153292603591041,0.00155344139940476,0.00157395676289912,0.00159447212639347,0.00161498748988783,0.00163550285338218,0.0016560182168765302,0.0016824925985134802,0.0017089669801504301,0.00173544136178737,0.00176191574342432,0.0017883901250612601,0.00181486450669821,0.00184133888833515,0.0018678132699721,0.00189428765160905,0.0019207620332459898,0.0019472364148829398,0.00197371079651988,0.0020001851781568302,0.00202665955979377,0.00205313394143072,0.00207960832306767,0.00210608270470461,0.00213255708634156,0.0021590314679785,0.00218550584961545,0.0022119802312523897,0.00223845461288934,0.00226492899452628,0.00229140337616323,0.00231787775780018,0.00234435213943712,0.00237082652107407,0.0023973009027110103,0.00242377528434796,0.0024502496659849,0.00247672404762185,0.0025031984292588,0.00252967281089574,0.00255614719253269,0.00258262157416963,0.0026090959558065802,0.00263557033744352,0.0026620447190804698,0.00268851910071742,0.00271499348235436,0.00285996354455943,0.0030049336067645,0.0031499036689695697,0.00329487373117463,0.0034398437933797,0.00358481385558477,0.0037297839177898398,0.00387475397999491,0.004019724042199971,0.00416469410440504
0.38,321.15,0.0007188777822955821,0.000733106650037837,0.000747335517780093,0.000761564385522349,0.000775793253264605,0.000790022121006861,0.0008042509887491161,0.000818479856491372,0.0008327087242336281,0.000846937591975884,0.000861166459718139,0.00088231449082514,0.00090346252193214,0.0009246105530391401,0.0009457585841461401,0.000966906615253141,0.0009880546463601411,0.00100920267746714,0.00103035070857414,0.00105149873968114,0.0010726467707881401,0.00109379480189514,0.00111494283300214,0.0011360908641091401,0.00115723889521614,0.00117838692632314,0.00119953495743014,0.00122068298853714,0.0012418310196441401,0.00126297905075114,0.00128412708185814,0.0013052751129651401,0.00132642314407214,0.00134757117517914,0.00136871920628614,0.00138986723739314,0.00141101526850015,0.00143216329960715,0.00145331133071415,0.00147445936182115,0.00149560739292815,0.00151675542403515,0.00153790345514215,0.00155905148624915,0.00158019951735615,0.00160134754846315,0.00162249557957015,0.00164364361067715,0.00166479164178415,0.00168593967289115,0.00170708770399815,0.00173437852175777,0.0017616693395173801,0.0017889601572770003,0.00181625097503662,0.0018435417927962399,0.00187083261055585,0.00189812342831547,0.0019254142460750899,0.0019527050638347102,0.00197999588159432,0.00200728669935394,0.00203457751711356,0.00206186833487318,0.00208915915263279,0.0021164499703924104,0.00214374078815203,0.00217103160591165,0.0021983224236712604,0.00222561324143088,0.0022529040591905,0.00228019487695012,0.00230748569470973,0.00233477651246935,0.00236206733022897,0.00238935814798859,0.00241664896574821,0.00244393978350782,0.00247123060126744,0.00249852141902706,0.00252581223678668,0.00255310305454629,0.00258039387230591,0.00260768469006553,0.00263497550782515,0.00266226632558476,0.00268955714334438,0.002716847961104,0.00274413877886362,0.00277142959662323,0.00279872041438285,0.0029481611681837897,0.00309760192198473,0.00324704267578567,0.0033964834295866103,0.00354592418338755,0.00369536493718849,0.0038448056909894295,0.00399424644479037,0.00414368719859131,0.00429312795239225
0.39,322.15,0.000741047055115662,0.000755714722969241,0.000770382390822819,0.0007850500586763981,0.0007997177265299769,0.0008143853943835559,0.000829053062237134,0.000843720730090713,0.000858388397944292,0.000873056065797871,0.000887723733651449,0.0009095239430323721,0.000931324152413295,0.0009531243617942169,0.00097492457117514,0.0009967247805560619,0.00101852498993698,0.00104032519931791,0.0010621254086988301,0.00108392561807975,0.00110572582746067,0.0011275260368416,0.00114932624622252,0.00117112645560344,0.0011929266649843599,0.00121472687436529,0.00123652708374621,0.00125832729312713,0.00128012750250806,0.00130192771188898,0.0013237279212699,0.00134552813065082,0.00136732834003175,0.00138912854941267,0.0014109287587935901,0.00143272896817451,0.00145452917755544,0.0014763293869363599,0.00149812959631728,0.0015199298056982,0.00154173001507913,0.00156353022446005,0.00158533043384097,0.00160713064322189,0.00162893085260282,0.00165073106198374,0.00167253127136466,0.0016943314807455802,0.00171613169012651,0.00173793189950743,0.00175973210888835,0.0017878645406181,0.00181599697234785,0.0018441294040775899,0.0018722618358073399,0.0019003942675370898,0.0019285266992668398,0.0019566591309965803,0.00198479156272633,0.00201292399445608,0.00204105642618583,0.0020691888579155698,0.00209732128964532,0.0021254537213750697,0.00215358615310482,0.00218171858483456,0.0022098510165643103,0.00223798344829406,0.0022661158800238103,0.00229424831175355,0.0023223807434833,0.00235051317521305,0.0023786456069428,0.00240677803867255,0.00243491047040229,0.00246304290213204,0.0024911753338617898,0.00251930776559154,0.00254744019732128,0.00257557262905103,0.00260370506078078,0.00263183749251053,0.00265996992424027,0.00268810235597002,0.00271623478769977,0.00274436721942952,0.00277249965115926,0.0028006320828890103,0.00282876451461876,0.0028568969463485102,0.00288502937807825,0.00303907869389494,0.00319312800971163,0.0033471773255283103,0.0035012266413449998,0.0036552759571616897,0.0038093252729783705,0.00396337458879506,0.00411742390461175,0.0042714732204284294,0.004425522536245121
0.4,323.15,0.0007639,0.00077902,0.00079414,0.00080926,0.00082438,0.0008395,0.00085462,0.00086974,0.00088486,0.00089998,0.0009151,0.0009375725,0.000960045,0.0009825175,0.00100499,0.0010274625,0.001049935,0.0010724075,0.00109488,0.0011173525,0.001139825,0.0011622975,0.00118477,0.0012072425,0.001229715,0.0012521875,0.00127466,0.0012971325,0.001319605,0.0013420775,0.00136455,0.0013870225,0.001409495,0.0014319675,0.00145444,0.0014769125,0.001499385,0.0015218575,0.00154433,0.0015668025,0.001589275,0.0016117475,0.00163422,0.0016566925,0.001679165,0.0017016375,0.00172411,0.0017465825,0.001769055,0.0017915275,0.001814,0.001843,0.001872,0.0019010000000000001,0.00193,0.001959,0.0019879999999999997,0.002017,0.002046,0.002075,0.002104,0.002133,0.0021620000000000003,0.002191,0.0022199999999999998,0.0022489999999999997,0.002278,0.002307,0.002336,0.002365,0.0023940000000000003,0.0024230000000000002,0.0024519999999999998,0.0024809999999999997,0.00251,0.002539,0.002568,0.002597,0.0026260000000000003,0.0026550000000000002,0.002684,0.0027129999999999997,0.002742,0.002771,0.0028,0.002829,0.002858,0.0028870000000000002,0.002916,0.002945,0.0029739999999999996,0.0031328000000000003,0.0032915999999999996,0.0034503999999999997,0.0036092,0.003768,0.0039268,0.0040856,0.0042444,0.0044031999999999995,0.004562
0.41,,,,,,,,,,,,,,,,,,,,,,,,,,,,,,,,,,,,,,,,,,,,,,,,,,,,,,,,,,,,,,,,,,,,,,,,,,,,,,,,,,,,,,,,,,,,,,,,,,,,,,
0.42,,,,,,,,,,,,,,,,,,,,,,,,,,,,,,,,,,,,,,,,,,,,,,,,,,,,,,,,,,,,,,,,,,,,,,,,,,,,,,,,,,,,,,,,,,,,,,,,,,,,,,
0.43,,,,,,,,,,,,,,,,,,,,,,,,,,,,,,,,,,,,,,,,,,,,,,,,,,,,,,,,,,,,,,,,,,,,,,,,,,,,,,,,,,,,,,,,,,,,,,,,,,,,,,
0.44,,,,,,,,,,,,,,,,,,,,,,,,,,,,,,,,,,,,,,,,,,,,,,,,,,,,,,,,,,,,,,,,,,,,,,,,,,,,,,,,,,,,,,,,,,,,,,,,,,,,,,
0.45,,,,,,,,,,,,,,,,,,,,,,,,,,,,,,,,,,,,,,,,,,,,,,,,,,,,,,,,,,,,,,,,,,,,,,,,,,,,,,,,,,,,,,,,,,,,,,,,,,,,,,
0.46,,,,,,,,,,,,,,,,,,,,,,,,,,,,,,,,,,,,,,,,,,,,,,,,,,,,,,,,,,,,,,,,,,,,,,,,,,,,,,,,,,,,,,,,,,,,,,,,,,,,,,
0.47,,,,,,,,,,,,,,,,,,,,,,,,,,,,,,,,,,,,,,,,,,,,,,,,,,,,,,,,,,,,,,,,,,,,,,,,,,,,,,,,,,,,,,,,,,,,,,,,,,,,,,
0.48,,,,,,,,,,,,,,,,,,,,,,,,,,,,,,,,,,,,,,,,,,,,,,,,,,,,,,,,,,,,,,,,,,,,,,,,,,,,,,,,,,,,,,,,,,,,,,,,,,,,,,
0.49,,,,,,,,,,,,,,,,,,,,,,,,,,,,,,,,,,,,,,,,,,,,,,,,,,,,,,,,,,,,,,,,,,,,,,,,,,,,,,,,,,,,,,,,,,,,,,,,,,,,,,
0.5,,,,,,,,,,,,,,,,,,,,,,,,,,,,,,,,,,,,,,,,,,,,,,,,,,,,,,,,,,,,,,,,,,,,,,,,,,,,,,,,,,,,,,,,,,,,,,,,,,,,,,
0.51,,,,,,,,,,,,,,,,,,,,,,,,,,,,,,,,,,,,,,,,,,,,,,,,,,,,,,,,,,,,,,,,,,,,,,,,,,,,,,,,,,,,,,,,,,,,,,,,,,,,,,
0.52,,,,,,,,,,,,,,,,,,,,,,,,,,,,,,,,,,,,,,,,,,,,,,,,,,,,,,,,,,,,,,,,,,,,,,,,,,,,,,,,,,,,,,,,,,,,,,,,,,,,,,
0.53,,,,,,,,,,,,,,,,,,,,,,,,,,,,,,,,,,,,,,,,,,,,,,,,,,,,,,,,,,,,,,,,,,,,,,,,,,,,,,,,,,,,,,,,,,,,,,,,,,,,,,
0.54,,,,,,,,,,,,,,,,,,,,,,,,,,,,,,,,,,,,,,,,,,,,,,,,,,,,,,,,,,,,,,,,,,,,,,,,,,,,,,,,,,,,,,,,,,,,,,,,,,,,,,
0.55,,,,,,,,,,,,,,,,,,,,,,,,,,,,,,,,,,,,,,,,,,,,,,,,,,,,,,,,,,,,,,,,,,,,,,,,,,,,,,,,,,,,,,,,,,,,,,,,,,,,,,
0.56,,,,,,,,,,,,,,,,,,,,,,,,,,,,,,,,,,,,,,,,,,,,,,,,,,,,,,,,,,,,,,,,,,,,,,,,,,,,,,,,,,,,,,,,,,,,,,,,,,,,,,
0.57,,,,,,,,,,,,,,,,,,,,,,,,,,,,,,,,,,,,,,,,,,,,,,,,,,,,,,,,,,,,,,,,,,,,,,,,,,,,,,,,,,,,,,,,,,,,,,,,,,,,,,
0.58,,,,,,,,,,,,,,,,,,,,,,,,,,,,,,,,,,,,,,,,,,,,,,,,,,,,,,,,,,,,,,,,,,,,,,,,,,,,,,,,,,,,,,,,,,,,,,,,,,,,,,
0.59,,,,,,,,,,,,,,,,,,,,,,,,,,,,,,,,,,,,,,,,,,,,,,,,,,,,,,,,,,,,,,,,,,,,,,,,,,,,,,,,,,,,,,,,,,,,,,,,,,,,,,
0.6,,,,,,,,,,,,,,,,,,,,,,,,,,,,,,,,,,,,,,,,,,,,,,,,,,,,,,,,,,,,,,,,,,,,,,,,,,,,,,,,,,,,,,,,,,,,,,,,,,,,,,
0.61,,,,,,,,,,,,,,,,,,,,,,,,,,,,,,,,,,,,,,,,,,,,,,,,,,,,,,,,,,,,,,,,,,,,,,,,,,,,,,,,,,,,,,,,,,,,,,,,,,,,,,
0.62,,,,,,,,,,,,,,,,,,,,,,,,,,,,,,,,,,,,,,,,,,,,,,,,,,,,,,,,,,,,,,,,,,,,,,,,,,,,,,,,,,,,,,,,,,,,,,,,,,,,,,
0.63,,,,,,,,,,,,,,,,,,,,,,,,,,,,,,,,,,,,,,,,,,,,,,,,,,,,,,,,,,,,,,,,,,,,,,,,,,,,,,,,,,,,,,,,,,,,,,,,,,,,,,
0.64,,,,,,,,,,,,,,,,,,,,,,,,,,,,,,,,,,,,,,,,,,,,,,,,,,,,,,,,,,,,,,,,,,,,,,,,,,,,,,,,,,,,,,,,,,,,,,,,,,,,,,
0.65,,,,,,,,,,,,,,,,,,,,,,,,,,,,,,,,,,,,,,,,,,,,,,,,,,,,,,,,,,,,,,,,,,,,,,,,,,,,,,,,,,,,,,,,,,,,,,,,,,,,,,
0.66,,,,,,,,,,,,,,,,,,,,,,,,,,,,,,,,,,,,,,,,,,,,,,,,,,,,,,,,,,,,,,,,,,,,,,,,,,,,,,,,,,,,,,,,,,,,,,,,,,,,,,
0.67,,,,,,,,,,,,,,,,,,,,,,,,,,,,,,,,,,,,,,,,,,,,,,,,,,,,,,,,,,,,,,,,,,,,,,,,,,,,,,,,,,,,,,,,,,,,,,,,,,,,,,
0.68,,,,,,,,,,,,,,,,,,,,,,,,,,,,,,,,,,,,,,,,,,,,,,,,,,,,,,,,,,,,,,,,,,,,,,,,,,,,,,,,,,,,,,,,,,,,,,,,,,,,,,
0.69,,,,,,,,,,,,,,,,,,,,,,,,,,,,,,,,,,,,,,,,,,,,,,,,,,,,,,,,,,,,,,,,,,,,,,,,,,,,,,,,,,,,,,,,,,,,,,,,,,,,,,
0.7,,,,,,,,,,,,,,,,,,,,,,,,,,,,,,,,,,,,,,,,,,,,,,,,,,,,,,,,,,,,,,,,,,,,,,,,,,,,,,,,,,,,,,,,,,,,,,,,,,,,,,
0.71,,,,,,,,,,,,,,,,,,,,,,,,,,,,,,,,,,,,,,,,,,,,,,,,,,,,,,,,,,,,,,,,,,,,,,,,,,,,,,,,,,,,,,,,,,,,,,,,,,,,,,
0.72,,,,,,,,,,,,,,,,,,,,,,,,,,,,,,,,,,,,,,,,,,,,,,,,,,,,,,,,,,,,,,,,,,,,,,,,,,,,,,,,,,,,,,,,,,,,,,,,,,,,,,
0.73,,,,,,,,,,,,,,,,,,,,,,,,,,,,,,,,,,,,,,,,,,,,,,,,,,,,,,,,,,,,,,,,,,,,,,,,,,,,,,,,,,,,,,,,,,,,,,,,,,,,,,
0.74,,,,,,,,,,,,,,,,,,,,,,,,,,,,,,,,,,,,,,,,,,,,,,,,,,,,,,,,,,,,,,,,,,,,,,,,,,,,,,,,,,,,,,,,,,,,,,,,,,,,,,
0.75,,,,,,,,,,,,,,,,,,,,,,,,,,,,,,,,,,,,,,,,,,,,,,,,,,,,,,,,,,,,,,,,,,,,,,,,,,,,,,,,,,,,,,,,,,,,,,,,,,,,,,
0.76,,,,,,,,,,,,,,,,,,,,,,,,,,,,,,,,,,,,,,,,,,,,,,,,,,,,,,,,,,,,,,,,,,,,,,,,,,,,,,,,,,,,,,,,,,,,,,,,,,,,,,
0.77,,,,,,,,,,,,,,,,,,,,,,,,,,,,,,,,,,,,,,,,,,,,,,,,,,,,,,,,,,,,,,,,,,,,,,,,,,,,,,,,,,,,,,,,,,,,,,,,,,,,,,
0.78,,,,,,,,,,,,,,,,,,,,,,,,,,,,,,,,,,,,,,,,,,,,,,,,,,,,,,,,,,,,,,,,,,,,,,,,,,,,,,,,,,,,,,,,,,,,,,,,,,,,,,
0.79,,,,,,,,,,,,,,,,,,,,,,,,,,,,,,,,,,,,,,,,,,,,,,,,,,,,,,,,,,,,,,,,,,,,,,,,,,,,,,,,,,,,,,,,,,,,,,,,,,,,,,
0.8,,,,,,,,,,,,,,,,,,,,,,,,,,,,,,,,,,,,,,,,,,,,,,,,,,,,,,,,,,,,,,,,,,,,,,,,,,,,,,,,,,,,,,,,,,,,,,,,,,,,,,
0.81,,,,,,,,,,,,,,,,,,,,,,,,,,,,,,,,,,,,,,,,,,,,,,,,,,,,,,,,,,,,,,,,,,,,,,,,,,,,,,,,,,,,,,,,,,,,,,,,,,,,,,
0.82,,,,,,,,,,,,,,,,,,,,,,,,,,,,,,,,,,,,,,,,,,,,,,,,,,,,,,,,,,,,,,,,,,,,,,,,,,,,,,,,,,,,,,,,,,,,,,,,,,,,,,
0.83,,,,,,,,,,,,,,,,,,,,,,,,,,,,,,,,,,,,,,,,,,,,,,,,,,,,,,,,,,,,,,,,,,,,,,,,,,,,,,,,,,,,,,,,,,,,,,,,,,,,,,
0.84,,,,,,,,,,,,,,,,,,,,,,,,,,,,,,,,,,,,,,,,,,,,,,,,,,,,,,,,,,,,,,,,,,,,,,,,,,,,,,,,,,,,,,,,,,,,,,,,,,,,,,
0.85,,,,,,,,,,,,,,,,,,,,,,,,,,,,,,,,,,,,,,,,,,,,,,,,,,,,,,,,,,,,,,,,,,,,,,,,,,,,,,,,,,,,,,,,,,,,,,,,,,,,,,
0.86,,,,,,,,,,,,,,,,,,,,,,,,,,,,,,,,,,,,,,,,,,,,,,,,,,,,,,,,,,,,,,,,,,,,,,,,,,,,,,,,,,,,,,,,,,,,,,,,,,,,,,
0.87,,,,,,,,,,,,,,,,,,,,,,,,,,,,,,,,,,,,,,,,,,,,,,,,,,,,,,,,,,,,,,,,,,,,,,,,,,,,,,,,,,,,,,,,,,,,,,,,,,,,,,
0.88,,,,,,,,,,,,,,,,,,,,,,,,,,,,,,,,,,,,,,,,,,,,,,,,,,,,,,,,,,,,,,,,,,,,,,,,,,,,,,,,,,,,,,,,,,,,,,,,,,,,,,
0.89,,,,,,,,,,,,,,,,,,,,,,,,,,,,,,,,,,,,,,,,,,,,,,,,,,,,,,,,,,,,,,,,,,,,,,,,,,,,,,,,,,,,,,,,,,,,,,,,,,,,,,
0.9,,,,,,,,,,,,,,,,,,,,,,,,,,,,,,,,,,,,,,,,,,,,,,,,,,,,,,,,,,,,,,,,,,,,,,,,,,,,,,,,,,,,,,,,,,,,,,,,,,,,,,
0.91,,,,,,,,,,,,,,,,,,,,,,,,,,,,,,,,,,,,,,,,,,,,,,,,,,,,,,,,,,,,,,,,,,,,,,,,,,,,,,,,,,,,,,,,,,,,,,,,,,,,,,
0.92,,,,,,,,,,,,,,,,,,,,,,,,,,,,,,,,,,,,,,,,,,,,,,,,,,,,,,,,,,,,,,,,,,,,,,,,,,,,,,,,,,,,,,,,,,,,,,,,,,,,,,
0.93,,,,,,,,,,,,,,,,,,,,,,,,,,,,,,,,,,,,,,,,,,,,,,,,,,,,,,,,,,,,,,,,,,,,,,,,,,,,,,,,,,,,,,,,,,,,,,,,,,,,,,
0.94,,,,,,,,,,,,,,,,,,,,,,,,,,,,,,,,,,,,,,,,,,,,,,,,,,,,,,,,,,,,,,,,,,,,,,,,,,,,,,,,,,,,,,,,,,,,,,,,,,,,,,
0.95,,,,,,,,,,,,,,,,,,,,,,,,,,,,,,,,,,,,,,,,,,,,,,,,,,,,,,,,,,,,,,,,,,,,,,,,,,,,,,,,,,,,,,,,,,,,,,,,,,,,,,
0.96,,,,,,,,,,,,,,,,,,,,,,,,,,,,,,,,,,,,,,,,,,,,,,,,,,,,,,,,,,,,,,,,,,,,,,,,,,,,,,,,,,,,,,,,,,,,,,,,,,,,,,
0.97,,,,,,,,,,,,,,,,,,,,,,,,,,,,,,,,,,,,,,,,,,,,,,,,,,,,,,,,,,,,,,,,,,,,,,,,,,,,,,,,,,,,,,,,,,,,,,,,,,,,,,
0.98,,,,,,,,,,,,,,,,,,,,,,,,,,,,,,,,,,,,,,,,,,,,,,,,,,,,,,,,,,,,,,,,,,,,,,,,,,,,,,,,,,,,,,,,,,,,,,,,,,,,,,
0.99,,,,,,,,,,,,,,,,,,,,,,,,,,,,,,,,,,,,,,,,,,,,,,,,,,,,,,,,,,,,,,,,,,,,,,,,,,,,,,,,,,,,,,,,,,,,,,,,,,,,,,
1.0,,,,,,,,,,,,,,,,,,,,,,,,,,,,,,,,,,,,,,,,,,,,,,,,,,,,,,,,,,,,,,,,,,,,,,,,,,,,,,,,,,,,,,,,,,,,,,,,,,,,,,
